Combination	weight0	weight1	weight2	weight3	weight4	weight5	weight6	weight7	weight8	weight9	weight10	weight11	weight12	weight13	bias	TruePositive	FalsePositive	Accuracy	Precision	F1score	TruePositive_std	FalsePositive_std	Accuracy_std	Precision_std	F1score_std
0,1,11	1.482675167606841	0.0	0.0	0.0	0.0	0.0	0.0	0.0	0.0	0.0	0.0	0.0	0.0	0.0	-1.1360678331885463	0.18333333333333332	0.1	0.5928571428571429	0.4	nan	0.22912878474779197	0.16583123951777	0.18821575403782548	0.48989794855663565	nan
0,1,4	0.02512875945621158	0.0	0.0	0.0	2.4076572329614754	0.0	0.0	0.0	0.0	0.0	0.0	0.0	0.0	0.0	-1.3597838785215308	0.4333333333333333	0.0	0.7595238095238096	0.9	0.5633333333333332	0.2494438257849294	0.0	0.11241020603917026	0.30000000000000004	0.24605780711947434
0,1,13	0.7150713274768385	0.0	0.0	0.0	0.0	0.0	0.0	0.0	0.0	0.0	0.0	0.0	0.0	2.55293213849023	-1.7116344194342414	0.9333333333333333	0.5416666666666667	0.6523809523809524	0.5599999999999999	0.6928571428571428	0.2	0.23935677693908453	0.19897697538834455	0.15620499351813308	0.16433746596892757
0,1,2	0.4792412319037277	0.0	-2.666929621627278	0.0	0.0	0.0	0.0	0.0	0.0	0.0	0.0	0.0	0.0	0.0	0.5340747860742665	0.2833333333333333	0.0	0.7	0.6	0.38	0.2477678124553084	0.0	0.11770673423150743	0.48989794855663565	0.3208322510804257
0,1,3	-0.6095456841554017	0.0	0.0	5.080650075418805	0.0	0.0	0.0	0.0	0.0	0.0	0.0	0.0	0.0	0.0	-3.4384304840957958	1.0	0.0	1.0	1.0	1.0	0.0	0.0	0.0	0.0	0.0
0,1,12	1.461520006340996	0.0	0.0	0.0	0.0	0.0	0.0	0.0	0.0	0.0	0.0	0.0	0.721072676427707	0.0	-1.3790329119220803	0.21666666666666665	0.0	0.6666666666666667	0.5	0.3	0.2242270674512285	0.0	0.12233554836823934	0.5	0.30550504633038933
0,1,7	0.9490184648690642	0.0	0.0	0.0	0.0	0.0	0.0	3.4396372875417973	0.0	0.0	0.0	0.0	0.0	0.0	-2.2889358152082075	0.7166666666666666	0.025	0.8714285714285716	0.975	0.7957142857142856	0.24776781245530843	0.07500000000000001	0.09885971186679379	0.075	0.16322223071211672
0,2,3	-1.244447070991883	0.0	-1.146730818367022	4.611770591941275	0.0	0.0	0.0	0.0	0.0	0.0	0.0	0.0	0.0	0.0	-2.2946959459747407	1.0	0.0	1.0	1.0	1.0	0.0	0.0	0.0	0.0	0.0
0,1,6	1.0518059426193183	0.0	0.0	0.0	0.0	0.0	2.4878654077674103	0.0	0.0	0.0	0.0	0.0	0.0	0.0	-1.5406601006767624	0.7166666666666666	0.25	0.730952380952381	0.6933333333333334	0.6730952380952381	0.24776781245530843	0.19364916731037085	0.151728513965284	0.2438350991050213	0.20143490364920194
0,2,5	1.5923104514307878	0.0	-2.321293823236704	0.0	0.0	-1.8666134718870662	0.0	0.0	0.0	0.0	0.0	0.0	0.0	0.0	1.1498861462275962	0.45	0.10833333333333332	0.7047619047619048	0.4666666666666667	0.44666666666666666	0.42196629670573876	0.175	0.1887421065010135	0.42687494916218993	0.40557229798013683
0,2,4	-0.8337833678881961	0.0	-1.5154883488186814	0.0	2.174597545443709	0.0	0.0	0.0	0.0	0.0	0.0	0.0	0.0	0.0	-0.23217822175777716	0.39999999999999997	0.0	0.7452380952380953	0.8	0.5133333333333333	0.28087165910587863	0.0	0.12555997022319249	0.4	0.29896116433038217
0,2,6	0.5755338653454085	0.0	-2.929860166973784	0.0	0.0	0.0	2.4721604730543922	0.0	0.0	0.0	0.0	0.0	0.0	0.0	0.2651279701892734	1.0	0.25	0.8452380952380952	0.7516666666666667	0.8454761904761906	0.0	0.19364916731037085	0.1238324154661509	0.18490988796347985	0.12131390477626008
0,2,7	0.7976511882855252	0.0	-3.4775851988756386	0.0	0.0	0.0	0.0	3.5132834222633305	0.0	0.0	0.0	0.0	0.0	0.0	-0.29662330334611475	0.9333333333333333	0.0	0.9666666666666666	1.0	0.95	0.2	0.0	0.1	0.0	0.15
0,2,8	0.25558523786402626	0.0	-2.3229826081026204	0.0	0.0	0.0	0.0	0.0	1.0560618485072804	0.0	0.0	0.0	0.0	0.0	0.2374741219572119	0.3333333333333333	0.175	0.6047619047619047	0.4333333333333333	nan	0.32489314482696546	0.22500000000000003	0.13850513878332368	0.41633319989322654	nan
0,2,9	0.16511995086233855	0.0	-1.9300272238604996	0.0	0.0	0.0	0.0	0.0	0.0	2.564440173018828	0.0	0.0	0.0	0.0	-0.35691923392445807	1.0	0.25	0.8452380952380952	0.7516666666666667	0.8454761904761906	0.0	0.19364916731037085	0.1238324154661509	0.18490988796347985	0.12131390477626008
0,1,9	1.6107122333213713	0.0	0.0	0.0	0.0	0.0	0.0	0.0	0.0	2.6065318333282756	0.0	0.0	0.0	0.0	-1.9141552909273756	1.0	0.25	0.8452380952380952	0.7516666666666667	0.8454761904761906	0.0	0.19364916731037085	0.1238324154661509	0.18490988796347985	0.12131390477626008
0,2,10	0.30911922063589653	0.0	-1.683047720888982	0.0	0.0	0.0	0.0	0.0	0.0	0.0	4.521230694473449	0.0	0.0	0.0	-2.4244483997164172	1.0	0.0	1.0	1.0	1.0	0.0	0.0	0.0	0.0	0.0
0,2,11	0.4792412319037277	0.0	-2.666929621627278	0.0	0.0	0.0	0.0	0.0	0.0	0.0	0.0	0.0	0.0	0.0	0.5340747860742665	0.2833333333333333	0.0	0.7	0.6	0.38	0.2477678124553084	0.0	0.11770673423150743	0.48989794855663565	0.3208322510804257
0,3,6	0.5674716414823793	0.0	0.0	3.5436729253018115	0.0	0.0	1.2883894804415412	0.0	0.0	0.0	0.0	0.0	0.0	0.0	-3.210066503225041	1.0	0.15	0.9071428571428571	0.8416666666666666	0.9038095238095238	0.0	0.16583123951777	0.1067187372905475	0.17260262647673316	0.10945753688509706
0,1,10	1.3454555810212423	0.0	0.0	0.0	0.0	0.0	0.0	0.0	0.0	0.0	5.0791459170200515	0.0	0.0	0.0	-4.162925713887812	1.0	0.0	1.0	1.0	1.0	0.0	0.0	0.0	0.0	0.0
0,3,5	1.0815349229297015	0.0	0.0	4.071719176047038	0.0	-1.9892486806377476	0.0	0.0	0.0	0.0	0.0	0.0	0.0	0.0	-2.311711974311042	1.0	0.0	1.0	1.0	1.0	0.0	0.0	0.0	0.0	0.0
0,3,4	-2.021845105643605	0.0	0.0	3.657759986377691	1.8853175987762207	0.0	0.0	0.0	0.0	0.0	0.0	0.0	0.0	0.0	-2.414884772869729	1.0	0.0	1.0	1.0	1.0	0.0	0.0	0.0	0.0	0.0
0,2,12	0.4201084366839865	0.0	-2.439293950905766	0.0	0.0	0.0	0.0	0.0	0.0	0.0	0.0	0.0	0.31530673115329916	0.0	0.29672426846254	0.2833333333333333	0.0	0.7	0.6	0.38	0.2477678124553084	0.0	0.11770673423150743	0.48989794855663565	0.3208322510804257
0,2,13	-0.5161229297677169	0.0	-2.0888658449623865	0.0	0.0	0.0	0.0	0.0	0.0	0.0	0.0	0.0	0.0	2.7844997781828513	-0.36942871680737416	1.0	0.5416666666666667	0.6857142857142857	0.585	0.7309523809523809	0.0	0.23935677693908453	0.13119026013291343	0.1205197079319395	0.09511897312113415
0,3,7	0.7721926499572309	0.0	0.0	3.806891363106317	0.0	0.0	0.0	1.6915660849129175	0.0	0.0	0.0	0.0	0.0	0.0	-3.8342888857402064	0.9333333333333333	0.0	0.9666666666666666	1.0	0.95	0.2	0.0	0.1	0.0	0.15
0,3,12	-1.226999530194424	0.0	0.0	4.872190047682484	0.0	0.0	0.0	0.0	0.0	0.0	0.0	0.0	0.6294588726498722	0.0	-3.211671791140006	1.0	0.0	1.0	1.0	1.0	0.0	0.0	0.0	0.0	0.0
0,1,8	1.4515783734807868	0.0	0.0	0.0	0.0	0.0	0.0	0.0	1.3020910071502652	0.0	0.0	0.0	0.0	0.0	-1.4322021264620706	0.31666666666666665	0.25	0.5452380952380953	0.3	nan	0.3833333333333333	0.19364916731037085	0.14578351918896792	0.339934634239519	nan
0,3,11	-0.6095456841554017	0.0	0.0	5.080650075418805	0.0	0.0	0.0	0.0	0.0	0.0	0.0	0.0	0.0	0.0	-3.4384304840957958	1.0	0.0	1.0	1.0	1.0	0.0	0.0	0.0	0.0	0.0
0,3,8	-0.7472805426644042	0.0	0.0	5.040169456913199	0.0	0.0	0.0	0.0	-0.39540076939291185	0.0	0.0	0.0	0.0	0.0	-3.092297861218552	1.0	0.0	1.0	1.0	1.0	0.0	0.0	0.0	0.0	0.0
0,3,9	-0.26601170057511714	0.0	0.0	4.273270459462542	0.0	0.0	0.0	0.0	0.0	0.8983336286708618	0.0	0.0	0.0	0.0	-3.3660506349967143	1.0	0.1	0.9357142857142857	0.8916666666666666	0.9323809523809524	0.0	0.16583123951777	0.1086142355043528	0.175	0.11215877957937442
0,3,13	-0.32923226448165194	0.0	0.0	4.874890472652795	0.0	0.0	0.0	0.0	0.0	0.0	0.0	0.0	0.0	0.8701827568213449	-4.097736822739096	1.0	0.0	1.0	1.0	1.0	0.0	0.0	0.0	0.0	0.0
0,3,10	0.1014443160917308	0.0	0.0	3.1286747074392496	0.0	0.0	0.0	0.0	0.0	0.0	2.926327008989106	0.0	0.0	0.0	-4.353704138657014	1.0	0.0	1.0	1.0	1.0	0.0	0.0	0.0	0.0	0.0
0,4,9	0.15491789773428416	0.0	0.0	0.0	1.7635157034667324	0.0	0.0	0.0	0.0	1.7906720663058782	0.0	0.0	0.0	0.0	-1.7036253990690948	0.8666666666666666	0.25	0.7857142857142857	0.7266666666666667	0.7597619047619047	0.22110831935702666	0.19364916731037085	0.12046772038736683	0.1997498435543818	0.15112747093647577
0,4,5	1.2747494409912892	0.0	0.0	0.0	2.60803729273294	-1.4316760702178921	0.0	0.0	0.0	0.0	0.0	0.0	0.0	0.0	-1.3418535993905432	0.4833333333333333	0.0	0.7761904761904762	0.9	0.5966666666666666	0.3023059524536176	0.0	0.13265131692556306	0.30000000000000004	0.278268455512538
0,4,6	0.8577875386095217	0.0	0.0	0.0	2.1110501169591656	0.0	2.5102876306088655	0.0	0.0	0.0	0.0	0.0	0.0	0.0	-2.1393865236335645	1.0	0.25	0.8452380952380952	0.7516666666666667	0.8454761904761906	0.0	0.19364916731037085	0.1238324154661509	0.18490988796347985	0.12131390477626008
0,4,7	0.5343511424611265	0.0	0.0	0.0	2.39680576777211	0.0	0.0	2.5865522821360742	0.0	0.0	0.0	0.0	0.0	0.0	-2.129200669147578	1.0	0.25	0.8452380952380952	0.7516666666666667	0.8454761904761906	0.0	0.19364916731037085	0.1238324154661509	0.18490988796347985	0.12131390477626008
0,1,5	2.483637149978458	0.0	0.0	0.0	0.0	-1.558614989632692	0.0	0.0	0.0	0.0	0.0	0.0	0.0	0.0	-0.8591787836808079	0.13333333333333333	0.0	0.6333333333333333	0.3	0.1833333333333333	0.2081665999466133	0.0	0.1177067342315074	0.45825756949558394	0.2833333333333333
0,4,8	-0.11351811320135882	0.0	0.0	0.0	2.135174317808942	0.0	0.0	0.0	1.0730766104315423	0.0	0.0	0.0	0.0	0.0	-1.5014415462275739	0.4833333333333333	0.25	0.6214285714285713	0.6	nan	0.3023059524536176	0.19364916731037085	0.15410115357413723	0.30912061651652345	nan
0,4,10	0.21030943166669908	0.0	0.0	0.0	1.5354944826532713	0.0	0.0	0.0	0.0	0.0	4.2195128746898245	0.0	0.0	0.0	-3.7052165437976456	1.0	0.0	1.0	1.0	1.0	0.0	0.0	0.0	0.0	0.0
0,4,11	0.02512875945621158	0.0	0.0	0.0	2.4076572329614754	0.0	0.0	0.0	0.0	0.0	0.0	0.0	0.0	0.0	-1.3597838785215308	0.4333333333333333	0.0	0.7595238095238096	0.9	0.5633333333333332	0.2494438257849294	0.0	0.11241020603917026	0.30000000000000004	0.24605780711947434
0,4,12	0.5153218861266889	0.0	0.0	0.0	2.7414793386731287	0.0	0.0	0.0	0.0	0.0	0.0	0.0	-1.18271296914108	0.0	-1.0832718893506612	0.4833333333333333	0.075	0.7285714285714286	0.7666666666666666	0.55	0.3023059524536176	0.11456439237389598	0.12380952380952384	0.32659863237109044	0.2578759391645526
0,5,6	1.64465629442943	0.0	0.0	0.0	0.0	-1.1969954387603448	2.3517279290918105	0.0	0.0	0.0	0.0	0.0	0.0	0.0	-1.2191918407965	0.7166666666666666	0.125	0.8095238095238095	0.825	0.7338095238095238	0.24776781245530843	0.125	0.10378330817953985	0.19525624189766635	0.17139483795082766
0,4,13	-1.2774365115841508	0.0	0.0	0.0	2.98410807058148	0.0	0.0	0.0	0.0	0.0	0.0	0.0	0.0	2.0693310957863256	-2.0989282930538162	0.9333333333333332	0.175	0.8595238095238095	0.8266666666666665	0.8383333333333333	0.19999999999999998	0.22500000000000003	0.14694546784961404	0.21694853460363975	0.17702008674472824
0,5,7	1.7155678492844153	0.0	0.0	0.0	0.0	-1.850304189275964	0.0	2.6702574997346513	0.0	0.0	0.0	0.0	0.0	0.0	-1.3381931072024476	0.7166666666666666	0.0	0.8857142857142858	1.0	0.8099999999999999	0.24776781245530843	0.0	0.10583862271853747	0.0	0.17387735140993302
0,5,8	2.3673738746048043	0.0	0.0	0.0	0.0	-2.4120107714630263	0.0	0.0	2.2862390150531664	0.0	0.0	0.0	0.0	0.0	-1.2012458393177488	0.7333333333333333	0.25	0.7238095238095238	0.71	0.6716666666666666	0.24944382578492946	0.19364916731037085	0.08663526380314407	0.20058248511107177	0.1260621539823379
0,5,9	2.820580520708698	0.0	0.0	0.0	0.0	-1.9800942530396353	0.0	0.0	0.0	2.546666185420359	0.0	0.0	0.0	0.0	-1.5372482876876166	0.9333333333333333	0.25	0.811904761904762	0.7516666666666667	0.7954761904761904	0.2	0.19364916731037085	0.12254389745197877	0.18490988796347985	0.1475285821110016
0,5,10	2.363853536440362	0.0	0.0	0.0	0.0	-1.2413648605579435	0.0	0.0	0.0	0.0	4.413133518109788	0.0	0.0	0.0	-3.490820141441391	1.0	0.0	1.0	1.0	1.0	0.0	0.0	0.0	0.0	0.0
0,6,10	1.3266533160589489	0.0	0.0	0.0	0.0	0.0	1.4595609097124425	0.0	0.0	0.0	3.3470193645075597	0.0	0.0	0.0	-3.628603907442342	0.8666666666666666	0.0	0.9357142857142857	1.0	0.9100000000000001	0.22110831935702666	0.0	0.10861423550435281	0.0	0.157797338380595
0,6,11	1.0518059426193183	0.0	0.0	0.0	0.0	0.0	2.4878654077674103	0.0	0.0	0.0	0.0	0.0	0.0	0.0	-1.5406601006767624	0.7166666666666666	0.25	0.730952380952381	0.6933333333333334	0.6730952380952381	0.24776781245530843	0.19364916731037085	0.151728513965284	0.2438350991050213	0.20143490364920194
0,6,8	0.981667348779484	0.0	0.0	0.0	0.0	0.0	2.8758814582610506	0.0	-1.0009933379528868	0.0	0.0	0.0	0.0	0.0	-1.2249918002794886	0.7166666666666666	0.075	0.8404761904761905	0.9099999999999999	0.7683333333333333	0.24776781245530843	0.16007810593582122	0.12374082343034555	0.18138357147217055	0.18111537145636694
0,5,13	1.4898339139322538	0.0	0.0	0.0	0.0	-2.8172344432118677	0.0	0.0	0.0	0.0	0.0	0.0	0.0	2.7239954411900245	-1.4890224316129603	0.7166666666666666	0.0	0.8857142857142858	1.0	0.8099999999999999	0.24776781245530843	0.0	0.10583862271853747	0.0	0.17387735140993302
0,6,7	1.1353241906344544	0.0	0.0	0.0	0.0	0.0	1.577491258925408	1.4868374332987158	0.0	0.0	0.0	0.0	0.0	0.0	-1.9906294662316721	0.7166666666666666	0.2	0.761904761904762	0.7766666666666666	0.7030952380952381	0.24776781245530843	0.2179449471770337	0.1557659736552012	0.25982900359873434	0.1956790896402806
0,5,11	2.483637149978458	0.0	0.0	0.0	0.0	-1.558614989632692	0.0	0.0	0.0	0.0	0.0	0.0	0.0	0.0	-0.8591787836808079	0.13333333333333333	0.0	0.6333333333333333	0.3	0.1833333333333333	0.2081665999466133	0.0	0.1177067342315074	0.45825756949558394	0.2833333333333333
0,7,8	0.9202287177884457	0.0	0.0	0.0	0.0	0.0	0.0	3.58259206218261	-0.8988356986748945	0.0	0.0	0.0	0.0	0.0	-1.8681493375460345	0.7166666666666666	0.0	0.8857142857142858	1.0	0.8099999999999999	0.24776781245530843	0.0	0.10583862271853747	0.0	0.17387735140993302
0,6,9	1.0726041206064847	0.0	0.0	0.0	0.0	0.0	2.5136146232054473	0.0	0.0	-0.041635725065054016	0.0	0.0	0.0	0.0	-1.5366013924600679	0.7166666666666666	0.25	0.730952380952381	0.6933333333333334	0.6730952380952381	0.24776781245530843	0.19364916731037085	0.151728513965284	0.2438350991050213	0.20143490364920194
0,5,12	2.4619645841184177	0.0	0.0	0.0	0.0	-1.4899983471081235	0.0	0.0	0.0	0.0	0.0	0.0	0.3663394951318085	0.0	-0.9941665096125618	0.18333333333333332	0.0	0.65	0.4	0.25	0.22912878474779197	0.0	0.13215894367978973	0.48989794855663565	0.30956959368344517
0,6,12	1.5572345522285704	0.0	0.0	0.0	0.0	0.0	2.73960671073065	0.0	0.0	0.0	0.0	0.0	1.3035033658670838	0.0	-2.0235686798594754	0.9333333333333333	0.25	0.811904761904762	0.7516666666666667	0.7954761904761904	0.2	0.19364916731037085	0.12254389745197877	0.18490988796347985	0.1475285821110016
0,7,9	1.1177272653752328	0.0	0.0	0.0	0.0	0.0	0.0	2.9639302840780255	0.0	0.5778999482002559	0.0	0.0	0.0	0.0	-2.331146240638261	0.7166666666666666	0.2	0.761904761904762	0.7766666666666666	0.7030952380952381	0.24776781245530843	0.2179449471770337	0.1557659736552012	0.25982900359873434	0.1956790896402806
0,9,13	0.8810157452969263	0.0	0.0	0.0	0.0	0.0	0.0	0.0	0.0	1.6419667737086923	0.0	0.0	0.0	1.423170211241306	-1.9280391924205653	1.0	0.25	0.8452380952380952	0.7516666666666667	0.8454761904761906	0.0	0.19364916731037085	0.1238324154661509	0.18490988796347985	0.12131390477626008
0,7,12	0.6751612062987281	0.0	0.0	0.0	0.0	0.0	0.0	3.5800225526919993	0.0	0.0	0.0	0.0	2.648021342758971	0.0	-2.610038862863033	0.9666666666666666	0.05	0.9523809523809523	0.9416666666666667	0.9457142857142857	0.1	0.10000000000000002	0.07299861769883757	0.11814539065631523	0.084225159845621
0,7,10	1.3160484460306698	0.0	0.0	0.0	0.0	0.0	0.0	1.72841811900261	0.0	0.0	3.465780551227433	0.0	0.0	0.0	-3.9449820519304595	0.7666666666666666	0.0	0.9023809523809524	1.0	0.8433333333333334	0.24944382578492943	0.0	0.10934250003052413	0.0	0.17515072873892867
0,9,11	1.6107122333213713	0.0	0.0	0.0	0.0	0.0	0.0	0.0	0.0	2.6065318333282756	0.0	0.0	0.0	0.0	-1.9141552909273756	1.0	0.25	0.8452380952380952	0.7516666666666667	0.8454761904761906	0.0	0.19364916731037085	0.1238324154661509	0.18490988796347985	0.12131390477626008
0,8,11	1.4515783734807868	0.0	0.0	0.0	0.0	0.0	0.0	0.0	1.3020910071502652	0.0	0.0	0.0	0.0	0.0	-1.4322021264620706	0.31666666666666665	0.25	0.5452380952380953	0.3	nan	0.3833333333333333	0.19364916731037085	0.14578351918896792	0.339934634239519	nan
0,8,13	0.6692245670849727	0.0	0.0	0.0	0.0	0.0	0.0	0.0	0.43092358698561056	0.0	0.0	0.0	0.0	2.3106172976965422	-1.702573753887067	0.9333333333333333	0.5416666666666667	0.6523809523809524	0.5599999999999999	0.6928571428571428	0.2	0.23935677693908453	0.19897697538834455	0.15620499351813308	0.16433746596892757
0,11,12	1.461520006340996	0.0	0.0	0.0	0.0	0.0	0.0	0.0	0.0	0.0	0.0	0.0	0.721072676427707	0.0	-1.3790329119220803	0.21666666666666665	0.0	0.6666666666666667	0.5	0.3	0.2242270674512285	0.0	0.12233554836823934	0.5	0.30550504633038933
0,8,9	1.5782399930668602	0.0	0.0	0.0	0.0	0.0	0.0	0.0	0.475023488560783	2.454094687465991	0.0	0.0	0.0	0.0	-2.0214668620319043	1.0	0.25	0.8452380952380952	0.7516666666666667	0.8454761904761906	0.0	0.19364916731037085	0.1238324154661509	0.18490988796347985	0.12131390477626008
0,10,12	1.2561810227442713	0.0	0.0	0.0	0.0	0.0	0.0	0.0	0.0	0.0	5.069772188191459	0.0	0.11646160564297474	0.0	-4.164481486731397	1.0	0.0	1.0	1.0	1.0	0.0	0.0	0.0	0.0	0.0
0,6,13	1.0472495885147097	0.0	0.0	0.0	0.0	0.0	2.486376601753452	0.0	0.0	0.0	0.0	0.0	0.0	0.007159404219895094	-1.5443797055679878	0.7166666666666666	0.25	0.730952380952381	0.6933333333333334	0.6730952380952381	0.24776781245530843	0.19364916731037085	0.151728513965284	0.2438350991050213	0.20143490364920194
0,7,11	0.9490184648690642	0.0	0.0	0.0	0.0	0.0	0.0	3.4396372875417973	0.0	0.0	0.0	0.0	0.0	0.0	-2.2889358152082075	0.7166666666666666	0.025	0.8714285714285716	0.975	0.7957142857142856	0.24776781245530843	0.07500000000000001	0.09885971186679379	0.075	0.16322223071211672
0,11,13	0.7150713274768385	0.0	0.0	0.0	0.0	0.0	0.0	0.0	0.0	0.0	0.0	0.0	0.0	2.55293213849023	-1.7116344194342414	0.9333333333333333	0.5416666666666667	0.6523809523809524	0.5599999999999999	0.6928571428571428	0.2	0.23935677693908453	0.19897697538834455	0.15620499351813308	0.16433746596892757
0,10,11	1.3454555810212423	0.0	0.0	0.0	0.0	0.0	0.0	0.0	0.0	0.0	5.0791459170200515	0.0	0.0	0.0	-4.162925713887812	1.0	0.0	1.0	1.0	1.0	0.0	0.0	0.0	0.0	0.0
0,9,12	1.532223195982429	0.0	0.0	0.0	0.0	0.0	0.0	0.0	0.0	2.5932166090078694	0.0	0.0	0.047999897908536496	0.0	-1.8944237271753068	1.0	0.25	0.8452380952380952	0.7516666666666667	0.8454761904761906	0.0	0.19364916731037085	0.1238324154661509	0.18490988796347985	0.12131390477626008
0,12,13	-0.07128593431410453	0.0	0.0	0.0	0.0	0.0	0.0	0.0	0.0	0.0	0.0	0.0	1.1333618784238997	3.1621426900112537	-2.1465614006758336	1.0	0.5416666666666667	0.6857142857142857	0.585	0.7309523809523809	0.0	0.23935677693908453	0.13119026013291343	0.1205197079319395	0.09511897312113415
0,8,10	1.3333628146735188	0.0	0.0	0.0	0.0	0.0	0.0	0.0	0.2946349320906916	0.0	4.969119352832853	0.0	0.0	0.0	-4.235132745847061	1.0	0.0	1.0	1.0	1.0	0.0	0.0	0.0	0.0	0.0
0,10,13	1.0783311963812365	0.0	0.0	0.0	0.0	0.0	0.0	0.0	0.0	0.0	4.484923924643711	0.0	0.0	0.9397838380354491	-4.3464085015074145	0.9666666666666666	0.0	0.9833333333333334	1.0	0.9800000000000001	0.1	0.0	0.04999999999999999	0.0	0.05999999999999999
0,7,13	0.9525048934938727	0.0	0.0	0.0	0.0	0.0	0.0	3.293335643086633	0.0	0.0	0.0	0.0	0.0	0.5328906173580304	-2.6543143773914126	0.7166666666666666	0.025	0.8714285714285716	0.975	0.7957142857142856	0.24776781245530843	0.07500000000000001	0.09885971186679379	0.075	0.16322223071211672
1,2,4	0.0	0.0	-1.151303689910232	0.0	1.8097756103726366	0.0	0.0	0.0	0.0	0.0	0.0	0.0	0.0	0.0	-0.5254437487536436	0.39999999999999997	0.0	0.7452380952380953	0.8	0.5133333333333333	0.28087165910587863	0.0	0.12555997022319249	0.4	0.29896116433038217
1,3,4	0.0	0.0	0.0	3.7377134804492753	1.0988141415159394	0.0	0.0	0.0	0.0	0.0	0.0	0.0	0.0	0.0	-3.015640836183844	1.0	0.0	1.0	1.0	1.0	0.0	0.0	0.0	0.0	0.0
1,2,3	0.0	0.0	-0.2570443824167071	4.631405172686595	0.0	0.0	0.0	0.0	0.0	0.0	0.0	0.0	0.0	0.0	-3.260295065817682	1.0	0.0	1.0	1.0	1.0	0.0	0.0	0.0	0.0	0.0
1,2,12	0.0	0.0	-2.795143934538558	0.0	0.0	0.0	0.0	0.0	0.0	0.0	0.0	0.0	0.43914621258165154	0.0	0.5610980103985174	0.2833333333333333	0.0	0.7	0.6	0.38	0.2477678124553084	0.0	0.11770673423150743	0.48989794855663565	0.3208322510804257
1,2,6	0.0	0.0	-3.4552877773563013	0.0	0.0	0.0	2.413602896285288	0.0	0.0	0.0	0.0	0.0	0.0	0.0	0.7351085051132698	1.0	0.1	0.9357142857142857	0.8916666666666666	0.9323809523809524	0.0	0.16583123951777	0.1086142355043528	0.175	0.11215877957937442
0,8,12	1.2334605266783965	0.0	0.0	0.0	0.0	0.0	0.0	0.0	1.2450533100786854	0.0	0.0	0.0	0.7652149079497635	0.0	-1.7239523312674208	0.21666666666666665	0.25	0.511904761904762	0.26666666666666666	nan	0.2242270674512285	0.19364916731037085	0.10975648163443913	0.3179797338056486	nan
1,3,6	0.0	0.0	0.0	3.8481141462238115	0.0	0.0	1.1436792806023308	0.0	0.0	0.0	0.0	0.0	0.0	0.0	-3.2167214728100246	1.0	0.0	1.0	1.0	1.0	0.0	0.0	0.0	0.0	0.0
1,2,8	0.0	0.0	-2.5713688664060212	0.0	0.0	0.0	0.0	0.0	1.2110509499468662	0.0	0.0	0.0	0.0	0.0	0.3830235470929436	0.3333333333333333	0.175	0.6047619047619047	0.4333333333333333	nan	0.32489314482696546	0.22500000000000003	0.13850513878332368	0.41633319989322654	nan
0,9,10	1.427318666093402	0.0	0.0	0.0	0.0	0.0	0.0	0.0	0.0	0.9914146275624921	4.5936584603798165	0.0	0.0	0.0	-4.385927198581149	1.0	0.05	0.9666666666666668	0.9333333333333332	0.96	0.0	0.10000000000000002	0.06666666666666665	0.13333333333333336	0.07999999999999999
1,2,10	0.0	0.0	-1.9102640780749867	0.0	0.0	0.0	0.0	0.0	0.0	0.0	4.331473658334352	0.0	0.0	0.0	-2.0472377242079443	1.0	0.0	1.0	1.0	1.0	0.0	0.0	0.0	0.0	0.0
1,3,8	0.0	0.0	0.0	4.649406311964976	0.0	0.0	0.0	0.0	-0.19646218238217028	0.0	0.0	0.0	0.0	0.0	-3.3163138981233415	1.0	0.0	1.0	1.0	1.0	0.0	0.0	0.0	0.0	0.0
1,3,12	0.0	0.0	0.0	4.790128535372547	0.0	0.0	0.0	0.0	0.0	0.0	0.0	0.0	-0.24234395318637195	0.0	-3.4350839380036575	1.0	0.0	1.0	1.0	1.0	0.0	0.0	0.0	0.0	0.0
1,2,5	0.0	0.0	-3.181190063385483	0.0	0.0	-1.5920984582503075	0.0	0.0	0.0	0.0	0.0	0.0	0.0	0.0	2.3345163149201857	0.65	0.20833333333333334	0.7357142857142857	0.6016666666666667	nan	0.39756201472921876	0.19094065395649332	0.18548520670059354	0.35311707218239485	nan
1,3,5	0.0	0.0	0.0	4.458109976068215	0.0	-1.4370740166027138	0.0	0.0	0.0	0.0	0.0	0.0	0.0	0.0	-2.3961960830550817	1.0	0.0	1.0	1.0	1.0	0.0	0.0	0.0	0.0	0.0
1,4,5	0.0	0.0	0.0	0.0	3.215575800400772	-0.8098488876722495	0.0	0.0	0.0	0.0	0.0	0.0	0.0	0.0	-1.4004577632416617	0.4333333333333333	0.0	0.7595238095238096	0.9	0.5633333333333332	0.2494438257849294	0.0	0.11241020603917026	0.30000000000000004	0.24605780711947434
1,2,7	0.0	0.0	-3.6303461738632294	0.0	0.0	0.0	0.0	3.3035317445763956	0.0	0.0	0.0	0.0	0.0	0.0	0.15960787461608444	0.9333333333333333	0.0	0.9666666666666666	1.0	0.95	0.2	0.0	0.1	0.0	0.15
1,2,9	0.0	0.0	-2.0834376554719976	0.0	0.0	0.0	0.0	0.0	0.0	2.5835323945839197	0.0	0.0	0.0	0.0	-0.2353436576635995	0.9666666666666666	0.25	0.830952380952381	0.7516666666666667	0.8254761904761905	0.1	0.19364916731037085	0.11291338763218454	0.18490988796347985	0.11016401913107163
1,3,10	0.0	0.0	0.0	3.2281319654811425	0.0	0.0	0.0	0.0	0.0	0.0	2.9310843738250063	0.0	0.0	0.0	-4.3662976802876825	1.0	0.0	1.0	1.0	1.0	0.0	0.0	0.0	0.0	0.0
1,3,9	0.0	0.0	0.0	3.8959195832938747	0.0	0.0	0.0	0.0	0.0	1.1013549291478948	0.0	0.0	0.0	0.0	-3.295479798286146	1.0	0.175	0.8928571428571429	0.8266666666666665	0.893095238095238	0.0	0.19525624189766638	0.1210545125608206	0.18592113023179122	0.11838123012647954
1,2,11	0.0	0.0	-3.4060894344201804	0.0	0.0	0.0	0.0	0.0	0.0	0.0	0.0	0.0	0.0	0.0	0.9658221334085646	0.2833333333333333	0.0	0.7	0.6	0.38	0.2477678124553084	0.0	0.11770673423150743	0.48989794855663565	0.3208322510804257
1,3,7	0.0	0.0	0.0	4.0001890417971655	0.0	0.0	0.0	1.5721514356416804	0.0	0.0	0.0	0.0	0.0	0.0	-3.7063086774859384	0.9333333333333333	0.0	0.9666666666666666	1.0	0.95	0.2	0.0	0.1	0.0	0.15
1,4,13	0.0	0.0	0.0	0.0	2.26810316371287	0.0	0.0	0.0	0.0	0.0	0.0	0.0	0.0	1.7669109459441263	-2.2502422441572536	0.7333333333333333	0.25	0.7285714285714285	0.6833333333333333	0.6799999999999999	0.24944382578492943	0.19364916731037085	0.1532712089469627	0.22912878474779202	0.18571184369578825
1,6,10	0.0	0.0	0.0	0.0	0.0	0.0	1.6065441584431845	0.0	0.0	0.0	2.8735486180505214	0.0	0.0	0.0	-3.075699462962441	0.7166666666666666	0.0	0.8857142857142858	1.0	0.8099999999999999	0.24776781245530843	0.0	0.10583862271853747	0.0	0.17387735140993302
1,7,12	0.0	0.0	0.0	0.0	0.0	0.0	0.0	3.6666618681632044	0.0	0.0	0.0	0.0	2.649283364838997	0.0	-2.4906762592681586	0.9666666666666666	0.0	0.9833333333333334	1.0	0.9800000000000001	0.1	0.0	0.04999999999999999	0.0	0.05999999999999999
1,4,6	0.0	0.0	0.0	0.0	2.7594602683908493	0.0	2.542411470716284	0.0	0.0	0.0	0.0	0.0	0.0	0.0	-2.1869950868576895	0.9666666666666666	0.2	0.857142857142857	0.8016666666666665	0.8540476190476192	0.1	0.2179449471770337	0.1325658181626196	0.20982135258357287	0.1311904761904762
1,2,13	0.0	0.0	-1.5387215196216935	0.0	0.0	0.0	0.0	0.0	0.0	0.0	0.0	0.0	0.0	2.600744090968565	-0.7023773890647514	1.0	0.5416666666666667	0.6857142857142857	0.585	0.7309523809523809	0.0	0.23935677693908453	0.13119026013291343	0.1205197079319395	0.09511897312113415
1,3,11	0.0	0.0	0.0	4.644257220371615	0.0	0.0	0.0	0.0	0.0	0.0	0.0	0.0	0.0	0.0	-3.4086100319224095	1.0	0.0	1.0	1.0	1.0	0.0	0.0	0.0	0.0	0.0
1,5,13	0.0	0.0	0.0	0.0	0.0	-2.211686800953266	0.0	0.0	0.0	0.0	0.0	0.0	0.0	3.0400964319874433	-1.5005691102500773	0.7166666666666666	0.0	0.8857142857142858	1.0	0.8099999999999999	0.24776781245530843	0.0	0.10583862271853747	0.0	0.17387735140993302
1,7,8	0.0	0.0	0.0	0.0	0.0	0.0	0.0	3.3419633192126157	-0.8001681797872957	0.0	0.0	0.0	0.0	0.0	-1.4476017334340774	0.7166666666666666	0.0	0.8857142857142858	1.0	0.8099999999999999	0.24776781245530843	0.0	0.10583862271853747	0.0	0.17387735140993302
1,3,13	0.0	0.0	0.0	4.593732970717311	0.0	0.0	0.0	0.0	0.0	0.0	0.0	0.0	0.0	1.2704177714047553	-4.337957985835229	1.0	0.0	1.0	1.0	1.0	0.0	0.0	0.0	0.0	0.0
1,5,9	0.0	0.0	0.0	0.0	0.0	-1.3625925000627048	0.0	0.0	0.0	2.8431573137936565	0.0	0.0	0.0	0.0	-1.3524748340099297	0.6	0.15	0.7452380952380953	0.6683333333333333	nan	0.3511884584284246	0.2	0.1730249742764206	0.3958429823385362	nan
1,4,9	0.0	0.0	0.0	0.0	1.903549243980665	0.0	0.0	0.0	0.0	1.8173015453914814	0.0	0.0	0.0	0.0	-1.7184976209770972	0.8666666666666666	0.25	0.7857142857142857	0.7266666666666667	0.7597619047619047	0.22110831935702666	0.19364916731037085	0.12046772038736683	0.1997498435543818	0.15112747093647577
1,5,6	0.0	0.0	0.0	0.0	0.0	-0.8386327600068453	2.564566141454545	0.0	0.0	0.0	0.0	0.0	0.0	0.0	-1.1608094440637617	0.7166666666666666	0.0	0.8857142857142858	1.0	0.8099999999999999	0.24776781245530843	0.0	0.10583862271853747	0.0	0.17387735140993302
1,9,11	0.0	0.0	0.0	0.0	0.0	0.0	0.0	0.0	0.0	2.7339934486286586	0.0	0.0	0.0	0.0	-1.6575422504773996	0.5833333333333333	0.25	0.6833333333333333	0.61	nan	0.3593976442141304	0.19364916731037085	0.1746554755723172	0.36325687268867407	nan
1,4,7	0.0	0.0	0.0	0.0	2.825119040165358	0.0	0.0	2.739218680705294	0.0	0.0	0.0	0.0	0.0	0.0	-2.2369053690404153	1.0	0.0	1.0	1.0	1.0	0.0	0.0	0.0	0.0	0.0
1,6,11	0.0	0.0	0.0	0.0	0.0	0.0	2.506328581421645	0.0	0.0	0.0	0.0	0.0	0.0	0.0	-1.353715636090121	0.7166666666666666	0.025	0.8690476190476192	0.95	0.7933333333333332	0.24776781245530843	0.07500000000000001	0.12428936320131609	0.15	0.19367785395111933
1,5,10	0.0	0.0	0.0	0.0	0.0	0.22897943002696838	0.0	0.0	0.0	0.0	4.756867750764916	0.0	0.0	0.0	-3.5349160131845423	0.9333333333333332	0.025	0.9547619047619047	0.975	0.9457142857142857	0.13333333333333336	0.07500000000000001	0.06937524897301652	0.075	0.084225159845621
1,7,13	0.0	0.0	0.0	0.0	0.0	0.0	0.0	3.1433753480494206	0.0	0.0	0.0	0.0	0.0	0.5365070642010562	-2.286145771705699	0.7166666666666666	0.0	0.8857142857142858	1.0	0.8099999999999999	0.24776781245530843	0.0	0.10583862271853747	0.0	0.17387735140993302
1,7,9	0.0	0.0	0.0	0.0	0.0	0.0	0.0	2.9295148319136315	0.0	0.4124443830539647	0.0	0.0	0.0	0.0	-1.9119069082528948	0.7166666666666666	0.025	0.8714285714285716	0.975	0.7957142857142856	0.24776781245530843	0.07500000000000001	0.09885971186679379	0.075	0.16322223071211672
1,10,12	0.0	0.0	0.0	0.0	0.0	0.0	0.0	0.0	0.0	0.0	4.897000500264733	0.0	0.7674948629245777	0.0	-3.681113279562845	0.9666666666666666	0.075	0.9357142857142857	0.9083333333333332	0.9257142857142858	0.1	0.11456439237389598	0.07900314296684313	0.14166666666666666	0.09231711097944863
1,4,10	0.0	0.0	0.0	0.0	1.6818034335870045	0.0	0.0	0.0	0.0	0.0	4.152627659089564	0.0	0.0	0.0	-3.617186932006369	1.0	0.0	1.0	1.0	1.0	0.0	0.0	0.0	0.0	0.0
1,4,8	0.0	0.0	0.0	0.0	2.0568515410191504	0.0	0.0	0.0	1.0283064337818397	0.0	0.0	0.0	0.0	0.0	-1.4996531567336064	0.4833333333333333	0.25	0.6214285714285713	0.6	nan	0.3023059524536176	0.19364916731037085	0.15410115357413723	0.30912061651652345	nan
1,6,12	0.0	0.0	0.0	0.0	0.0	0.0	2.980145699324482	0.0	0.0	0.0	0.0	0.0	1.4359251696928628	0.0	-1.861707479722785	0.7166666666666666	0.125	0.8071428571428572	0.8333333333333333	0.738095238095238	0.24776781245530843	0.16770509831248423	0.14733074766099982	0.23273733406281572	0.20149104063402498
1,4,11	0.0	0.0	0.0	0.0	2.4352305482691654	0.0	0.0	0.0	0.0	0.0	0.0	0.0	0.0	0.0	-1.3643208296963192	0.4333333333333333	0.0	0.7595238095238096	0.9	0.5633333333333332	0.2494438257849294	0.0	0.11241020603917026	0.30000000000000004	0.24605780711947434
1,10,13	0.0	0.0	0.0	0.0	0.0	0.0	0.0	0.0	0.0	0.0	4.030732164516488	0.0	0.0	1.1908062914059478	-3.874520651174489	0.8333333333333333	0.0	0.9357142857142857	1.0	0.8933333333333333	0.21081851067789195	0.0	0.07900314296684313	0.0	0.13727506854649335
1,8,11	0.0	0.0	0.0	0.0	0.0	0.0	0.0	0.0	1.2055181270943698	0.0	0.0	0.0	0.0	0.0	-1.2052653427235782	0.0	0.175	0.4738095238095238	0.0	nan	0.0	0.22500000000000003	0.10724862504338294	0.0	nan
1,5,11	0.0	0.0	0.0	0.0	0.0	1.6814601884185264e-07	0.0	0.0	0.0	0.0	0.0	0.0	0.0	0.0	-1.0000000550897146	0.0	0.0	0.5857142857142856	0.0	0.0	0.0	0.0	0.05947617141331806	0.0	0.0
1,5,7	0.0	0.0	0.0	0.0	0.0	-0.871879472838569	0.0	2.761504017618132	0.0	0.0	0.0	0.0	0.0	0.0	-1.251877861560684	0.7166666666666666	0.0	0.8857142857142858	1.0	0.8099999999999999	0.24776781245530843	0.0	0.10583862271853747	0.0	0.17387735140993302
1,7,10	0.0	0.0	0.0	0.0	0.0	0.0	0.0	1.8385506394100477	0.0	0.0	2.713256132146282	0.0	0.0	0.0	-3.04542563101835	0.7166666666666666	0.0	0.8857142857142858	1.0	0.8099999999999999	0.24776781245530843	0.0	0.10583862271853747	0.0	0.17387735140993302
1,12,13	0.0	0.0	0.0	0.0	0.0	0.0	0.0	0.0	0.0	0.0	0.0	0.0	1.083405223268391	3.1326130164493136	-2.138215752643747	1.0	0.5416666666666667	0.6857142857142857	0.585	0.7309523809523809	0.0	0.23935677693908453	0.13119026013291343	0.1205197079319395	0.09511897312113415
1,6,7	0.0	0.0	0.0	0.0	0.0	0.0	1.5428850298896133	1.4295512588355936	0.0	0.0	0.0	0.0	0.0	0.0	-1.6687473136281163	0.7166666666666666	0.0	0.8857142857142858	1.0	0.8099999999999999	0.24776781245530843	0.0	0.10583862271853747	0.0	0.17387735140993302
1,9,12	0.0	0.0	0.0	0.0	0.0	0.0	0.0	0.0	0.0	2.803904481319317	0.0	0.0	0.41585910246712937	0.0	-1.8000558845151393	0.6	0.25	0.6857142857142857	0.6183333333333334	nan	0.3590109871423003	0.19364916731037085	0.1556931688025887	0.35185618905708876	nan
1,8,9	0.0	0.0	0.0	0.0	0.0	0.0	0.0	0.0	0.7620175777015606	2.311137277842026	0.0	0.0	0.0	0.0	-1.7161871123284946	0.7166666666666667	0.25	0.7333333333333332	0.6933333333333334	0.6830952380952381	0.19790570145063194	0.19364916731037085	0.1341809790819559	0.2438350991050213	0.1732458243256053
1,5,12	0.0	0.0	0.0	0.0	0.0	-0.010197399267744212	0.0	0.0	0.0	0.0	0.0	0.0	-0.020704786442945267	0.0	-0.9852622144038108	0.0	0.0	0.5857142857142856	0.0	0.0	0.0	0.0	0.05947617141331806	0.0	0.0
1,6,13	0.0	0.0	0.0	0.0	0.0	0.0	2.3312678338435022	0.0	0.0	0.0	0.0	0.0	0.0	0.20687347230608322	-1.369734970487513	0.7166666666666666	0.1	0.8214285714285715	0.8583333333333332	0.7523809523809524	0.24776781245530843	0.16583123951777	0.15802422386709636	0.2358495283014151	0.21409515336381987
1,8,12	0.0	0.0	0.0	0.0	0.0	0.0	0.0	0.0	1.4827551772127314	0.0	0.0	0.0	0.7104547182778179	0.0	-1.5061795016859207	0.05	0.2	0.47619047619047616	0.03333333333333333	nan	0.15000000000000002	0.2179449471770337	0.09404008408634047	0.09999999999999999	nan
1,11,12	0.0	0.0	0.0	0.0	0.0	0.0	0.0	0.0	0.0	0.0	0.0	0.0	-6.174561892891006e-08	0.0	-0.9999999808070015	0.0	0.0	0.5857142857142856	0.0	0.0	0.0	0.0	0.05947617141331806	0.0	0.0
1,4,12	0.0	0.0	0.0	0.0	3.0788817992962287	0.0	0.0	0.0	0.0	0.0	0.0	0.0	-1.02135390773262	0.0	-1.1070509372935824	0.4833333333333333	0.0	0.7761904761904762	0.9	0.5966666666666666	0.3023059524536176	0.0	0.13265131692556306	0.30000000000000004	0.278268455512538
1,9,13	0.0	0.0	0.0	0.0	0.0	0.0	0.0	0.0	0.0	1.5835279214706692	0.0	0.0	0.0	1.6346434872271627	-1.8504638786923788	0.8333333333333333	0.25	0.780952380952381	0.71	0.753095238095238	0.21081851067789195	0.19364916731037085	0.1672777911452409	0.2356079606276306	0.20119836558214177
1,8,10	0.0	0.0	0.0	0.0	0.0	0.0	0.0	0.0	0.7075592859839237	0.0	4.7071187275152955	0.0	0.0	0.0	-3.810027455191478	0.8833333333333332	0.0	0.9523809523809523	1.0	0.9266666666666667	0.18333333333333335	0.0	0.07299861769883757	0.0	0.1171893055416463
1,5,8	0.0	0.0	0.0	0.0	0.0	-1.7153976839905127	0.0	0.0	2.245814273460117	0.0	0.0	0.0	0.0	0.0	-0.9985063236013485	0.36666666666666664	0.1	0.6714285714285715	0.525	nan	0.339934634239519	0.16583123951777	0.17129624522480905	0.45345892868042637	nan
1,7,11	0.0	0.0	0.0	0.0	0.0	0.0	0.0	3.296227416262165	0.0	0.0	0.0	0.0	0.0	0.0	-1.928414257489629	0.7166666666666666	0.0	0.8857142857142858	1.0	0.8099999999999999	0.24776781245530843	0.0	0.10583862271853747	0.0	0.17387735140993302
1,6,8	0.0	0.0	0.0	0.0	0.0	0.0	2.9045677464695148	0.0	-0.7937239003355986	0.0	0.0	0.0	0.0	0.0	-1.1722775038862936	0.7166666666666666	0.0	0.8857142857142858	1.0	0.8099999999999999	0.24776781245530843	0.0	0.10583862271853747	0.0	0.17387735140993302
1,10,11	0.0	0.0	0.0	0.0	0.0	0.0	0.0	0.0	0.0	0.0	4.569919883270169	0.0	0.0	0.0	-3.2958687261723596	0.9333333333333332	0.05	0.9380952380952381	0.9416666666666667	0.9257142857142858	0.13333333333333336	0.10000000000000002	0.0761904761904762	0.11814539065631523	0.09231711097944863
2,3,7	0.0	0.0	-2.287127232304475	2.9948512002603747	0.0	0.0	0.0	2.1076331825547916	0.0	0.0	0.0	0.0	0.0	0.0	-2.076736137793838	1.0	0.0	1.0	1.0	1.0	0.0	0.0	0.0	0.0	0.0
2,5,6	0.0	0.0	-3.6357175423316996	0.0	0.0	-0.7407024221629028	2.475010800549363	0.0	0.0	0.0	0.0	0.0	0.0	0.0	0.9897738270545725	0.9333333333333333	0.0	0.9666666666666666	1.0	0.95	0.2	0.0	0.1	0.0	0.15
2,3,11	0.0	0.0	-0.2570443824167071	4.631405172686595	0.0	0.0	0.0	0.0	0.0	0.0	0.0	0.0	0.0	0.0	-3.260295065817682	1.0	0.0	1.0	1.0	1.0	0.0	0.0	0.0	0.0	0.0
2,4,10	0.0	0.0	-1.5243273560522763	0.0	1.166864541141416	0.0	0.0	0.0	0.0	0.0	4.040099685005397	0.0	0.0	0.0	-2.488418635215969	1.0	0.0	1.0	1.0	1.0	0.0	0.0	0.0	0.0	0.0
2,3,4	0.0	0.0	-0.003356201358535671	3.7428302507868865	1.0947785103554817	0.0	0.0	0.0	0.0	0.0	0.0	0.0	0.0	0.0	-3.0165441038440357	1.0	0.0	1.0	1.0	1.0	0.0	0.0	0.0	0.0	0.0
1,11,13	0.0	0.0	0.0	0.0	0.0	0.0	0.0	0.0	0.0	0.0	0.0	0.0	0.0	2.7030751351107534	-1.611628925928547	1.0	0.5416666666666667	0.6857142857142857	0.585	0.7309523809523809	0.0	0.23935677693908453	0.13119026013291343	0.1205197079319395	0.09511897312113415
2,4,6	0.0	0.0	-1.7408241964125266	0.0	1.31978894394408	0.0	2.183126633228924	0.0	0.0	0.0	0.0	0.0	0.0	0.0	-0.41402494484968927	1.0	0.25	0.8452380952380952	0.7516666666666667	0.8454761904761906	0.0	0.19364916731037085	0.1238324154661509	0.18490988796347985	0.12131390477626008
1,8,13	0.0	0.0	0.0	0.0	0.0	0.0	0.0	0.0	0.3622072328075225	0.0	0.0	0.0	0.0	2.480858291229713	-1.600708578548695	1.0	0.5416666666666667	0.6857142857142857	0.585	0.7309523809523809	0.0	0.23935677693908453	0.13119026013291343	0.1205197079319395	0.09511897312113415
2,5,10	0.0	0.0	-2.124012036097004	0.0	0.0	-0.4107562979105869	0.0	0.0	0.0	0.0	4.123462305326445	0.0	0.0	0.0	-1.5889946680823686	1.0	0.0	1.0	1.0	1.0	0.0	0.0	0.0	0.0	0.0
2,6,7	0.0	0.0	-3.6250105055721145	0.0	0.0	0.0	1.5440667429770802	1.4341467481487384	0.0	0.0	0.0	0.0	0.0	0.0	0.4181269729695593	1.0	0.0	1.0	1.0	1.0	0.0	0.0	0.0	0.0	0.0
1,6,9	0.0	0.0	0.0	0.0	0.0	0.0	2.705047929008674	0.0	0.0	-0.4172787347368236	0.0	0.0	0.0	0.0	-1.207901698296032	0.7166666666666666	0.0	0.8857142857142858	1.0	0.8099999999999999	0.24776781245530843	0.0	0.10583862271853747	0.0	0.17387735140993302
2,4,11	0.0	0.0	-1.151303689910232	0.0	1.8097756103726366	0.0	0.0	0.0	0.0	0.0	0.0	0.0	0.0	0.0	-0.5254437487536436	0.39999999999999997	0.0	0.7452380952380953	0.8	0.5133333333333333	0.28087165910587863	0.0	0.12555997022319249	0.4	0.29896116433038217
2,3,8	0.0	0.0	-0.2839166491245873	4.647709278211578	0.0	0.0	0.0	0.0	-0.22221020878113595	0.0	0.0	0.0	0.0	0.0	-3.144367421683543	1.0	0.0	1.0	1.0	1.0	0.0	0.0	0.0	0.0	0.0
2,4,7	0.0	0.0	-1.8375927252496758	0.0	1.8645899729824502	0.0	0.0	2.806687159402289	0.0	0.0	0.0	0.0	0.0	0.0	-1.0017445255476254	1.0	0.0	1.0	1.0	1.0	0.0	0.0	0.0	0.0	0.0
2,3,12	0.0	0.0	-0.7486377526061962	4.662483619328862	0.0	0.0	0.0	0.0	0.0	0.0	0.0	0.0	-0.6704238401682792	0.0	-2.8937015731735576	1.0	0.0	1.0	1.0	1.0	0.0	0.0	0.0	0.0	0.0
2,6,11	0.0	0.0	-3.4552877773563013	0.0	0.0	0.0	2.413602896285288	0.0	0.0	0.0	0.0	0.0	0.0	0.0	0.7351085051132698	1.0	0.1	0.9357142857142857	0.8916666666666666	0.9323809523809524	0.0	0.16583123951777	0.1086142355043528	0.175	0.11215877957937442
2,7,9	0.0	0.0	-3.5785656501277883	0.0	0.0	0.0	0.0	2.9611572213672526	0.0	0.3798333296600681	0.0	0.0	0.0	0.0	0.14188558901883902	0.9333333333333333	0.0	0.9666666666666666	1.0	0.95	0.2	0.0	0.1	0.0	0.15
2,3,5	0.0	0.0	-1.281058308823029	3.4878539437396876	0.0	-1.6738148560841566	0.0	0.0	0.0	0.0	0.0	0.0	0.0	0.0	-0.8929844009390673	1.0	0.0	1.0	1.0	1.0	0.0	0.0	0.0	0.0	0.0
1,9,10	0.0	0.0	0.0	0.0	0.0	0.0	0.0	0.0	0.0	1.0849378268162595	4.36759668754089	0.0	0.0	0.0	-3.8842518855519694	0.8	0.0	0.9190476190476191	1.0	0.8733333333333333	0.20816659994661327	0.0	0.0812320100439618	0.0	0.13482498944104454
2,5,11	0.0	0.0	-3.181190063385483	0.0	0.0	-1.5920984582503075	0.0	0.0	0.0	0.0	0.0	0.0	0.0	0.0	2.3345163149201857	0.65	0.20833333333333334	0.7357142857142857	0.6016666666666667	nan	0.39756201472921876	0.19094065395649332	0.18548520670059354	0.35311707218239485	nan
2,5,7	0.0	0.0	-3.6357175423317	0.0	0.0	-0.8719261741600487	0.0	2.7616038112427175	0.0	0.0	0.0	0.0	0.0	0.0	0.8490970685325004	0.9333333333333333	0.0	0.9666666666666666	1.0	0.95	0.2	0.0	0.1	0.0	0.15
2,6,8	0.0	0.0	-3.573211342376159	0.0	0.0	0.0	2.8359545627089138	0.0	-0.7816217670446838	0.0	0.0	0.0	0.0	0.0	0.9535547530585902	0.9666666666666666	0.0	0.9833333333333334	1.0	0.9800000000000001	0.1	0.0	0.04999999999999999	0.0	0.05999999999999999
2,3,13	0.0	0.0	-0.5650984627094425	4.14915301330702	0.0	0.0	0.0	0.0	0.0	0.0	0.0	0.0	0.0	1.629569131943153	-4.036125836777589	1.0	0.0	1.0	1.0	1.0	0.0	0.0	0.0	0.0	0.0
2,7,13	0.0	0.0	-3.6357175423316996	0.0	0.0	0.0	0.0	3.1433752286271206	0.0	0.0	0.0	0.0	0.0	0.5365070168772959	-0.18798030360027163	0.9333333333333333	0.0	0.9666666666666666	1.0	0.95	0.2	0.0	0.1	0.0	0.15
2,3,9	0.0	0.0	-0.25805178221882935	3.6631746542041568	0.0	0.0	0.0	0.0	0.0	1.2333451504727613	0.0	0.0	0.0	0.0	-3.068813210388596	1.0	0.2	0.8761904761904763	0.8099999999999999	0.8797619047619047	0.0	0.2179449471770337	0.13834132425079954	0.20591260281974	0.13452380952380955
2,4,12	0.0	0.0	-1.2700513873169998	0.0	2.6520282530071366	0.0	0.0	0.0	0.0	0.0	0.0	0.0	-1.4853275518163425	0.0	-0.12623717710703614	0.4833333333333333	0.0	0.7761904761904762	0.9	0.5966666666666666	0.3023059524536176	0.0	0.13265131692556306	0.30000000000000004	0.278268455512538
2,3,6	0.0	0.0	-1.767382605569273	2.516794111571388	0.0	0.0	1.6242446785244673	0.0	0.0	0.0	0.0	0.0	0.0	0.0	-1.574204275193558	1.0	0.0	1.0	1.0	1.0	0.0	0.0	0.0	0.0	0.0
2,4,8	0.0	0.0	-1.2024376847190124	0.0	1.7908949550406095	0.0	0.0	0.0	0.7403325723921959	0.0	0.0	0.0	0.0	0.0	-0.6413953920997995	0.4499999999999999	0.2	0.6357142857142857	0.6	nan	0.3337497399083464	0.2179449471770337	0.15541984686064372	0.3815174380753199	nan
2,5,8	0.0	0.0	-3.537747150341007	0.0	0.0	-2.0547808820472273	0.0	0.0	2.0493883979608216	0.0	0.0	0.0	0.0	0.0	1.569368964698009	0.8833333333333332	0.1	0.8904761904761905	0.875	0.8657142857142857	0.18333333333333335	0.16583123951777	0.14800257398019098	0.21489661597046048	0.1789082537651802
2,5,12	0.0	0.0	-2.799229043501763	0.0	0.0	-1.4382331900172407	0.0	0.0	0.0	0.0	0.0	0.0	0.3705532944445756	0.0	1.8715900706465238	0.55	0.20833333333333334	0.6928571428571428	0.5416666666666666	nan	0.42196629670573876	0.19094065395649332	0.22972180750537688	0.3966001344763598	nan
2,6,12	0.0	0.0	-2.4559636846059303	0.0	0.0	0.0	2.6900374198886072	0.0	0.0	0.0	0.0	0.0	0.9731856775061821	0.0	-0.13679575834467253	1.0	0.175	0.8904761904761905	0.835	0.894047619047619	0.0	0.22500000000000003	0.14293648590289176	0.21219095173922944	0.13887811749614978
2,6,9	0.0	0.0	-3.4927097917600856	0.0	0.0	0.0	2.598468866913591	0.0	0.0	-0.30648478424715675	0.0	0.0	0.0	0.0	0.8176436159476903	1.0	0.025	0.9833333333333334	0.9666666666666666	0.9800000000000001	0.0	0.07500000000000001	0.04999999999999999	0.1	0.05999999999999999
2,7,10	0.0	0.0	-2.9158528638662267	0.0	0.0	0.0	0.0	1.732939055935491	0.0	0.0	2.7976869014711365	0.0	0.0	0.0	-1.3460624390186184	1.0	0.0	1.0	1.0	1.0	0.0	0.0	0.0	0.0	0.0
2,4,13	0.0	0.0	-0.32457274785184165	0.0	2.132769144473401	0.0	0.0	0.0	0.0	0.0	0.0	0.0	0.0	1.8682771433166085	-2.1300183102231784	0.7	0.225	0.7285714285714285	0.7333333333333333	0.6599999999999999	0.27688746209726917	0.2076655965729519	0.13932132226978852	0.23804761428476165	0.17688665548562132
2,5,13	0.0	0.0	-3.6064440322638944	0.0	0.0	-2.2333128723876863	0.0	0.0	0.0	0.0	0.0	0.0	0.0	3.0400493517876326	0.5814920337745016	0.9666666666666666	0.0	0.9833333333333334	1.0	0.9800000000000001	0.1	0.0	0.04999999999999999	0.0	0.05999999999999999
2,5,9	0.0	0.0	-3.2780303803047084	0.0	0.0	-1.8489297623105148	0.0	0.0	0.0	2.5789664668068495	0.0	0.0	0.0	0.0	1.0516566167893646	1.0	0.125	0.9214285714285715	0.8766666666666666	0.9216666666666666	0.0	0.20155644370746376	0.12601065354665944	0.19209372712298547	0.12338962679253068
2,3,10	0.0	0.0	-0.6802093148123944	2.7094669588781146	0.0	0.0	0.0	0.0	0.0	0.0	2.796820688173664	0.0	0.0	0.0	-3.6120170575867356	1.0	0.0	1.0	1.0	1.0	0.0	0.0	0.0	0.0	0.0
2,4,9	0.0	0.0	-1.5739195412930527	0.0	1.216645685513187	0.0	0.0	0.0	0.0	2.0610118760621545	0.0	0.0	0.0	0.0	-0.7790737297588344	0.8833333333333332	0.25	0.7976190476190476	0.7266666666666667	0.7797619047619048	0.18333333333333335	0.19364916731037085	0.14531613828254408	0.21320308523929846	0.16747846512665185
2,8,9	0.0	0.0	-2.054326296113415	0.0	0.0	0.0	0.0	0.0	0.19836528303072062	2.4845554492910678	0.0	0.0	0.0	0.0	-0.2817024961861442	0.9666666666666666	0.25	0.830952380952381	0.7516666666666667	0.8254761904761905	0.1	0.19364916731037085	0.11291338763218454	0.18490988796347985	0.11016401913107163
2,6,13	0.0	0.0	-3.437562703753342	0.0	0.0	0.0	2.356674920865997	0.0	0.0	0.0	0.0	0.0	0.0	0.11302381824955976	0.6759876250821719	1.0	0.1	0.9357142857142857	0.8916666666666666	0.9323809523809524	0.0	0.16583123951777	0.1086142355043528	0.175	0.11215877957937442
2,6,10	0.0	0.0	-2.8316243364203544	0.0	0.0	0.0	1.5041693719402853	0.0	0.0	0.0	2.9434326890623157	0.0	0.0	0.0	-1.4043745515526616	1.0	0.0	1.0	1.0	1.0	0.0	0.0	0.0	0.0	0.0
2,8,12	0.0	0.0	-2.266089152854532	0.0	0.0	0.0	0.0	0.0	1.1504543192156298	0.0	0.0	0.0	0.3340518266995365	0.0	0.10021644853483516	0.3333333333333333	0.175	0.6047619047619047	0.4333333333333333	nan	0.32489314482696546	0.22500000000000003	0.13850513878332368	0.41633319989322654	nan
2,7,11	0.0	0.0	-3.6303461738632294	0.0	0.0	0.0	0.0	3.3035317445763956	0.0	0.0	0.0	0.0	0.0	0.0	0.15960787461608444	0.9333333333333333	0.0	0.9666666666666666	1.0	0.95	0.2	0.0	0.1	0.0	0.15
2,4,5	0.0	0.0	-2.170578085054937	0.0	2.060873725705367	-1.4833697905624905	0.0	0.0	0.0	0.0	0.0	0.0	0.0	0.0	0.8808669991348058	0.55	0.05	0.7785714285714285	0.8	0.6366666666666666	0.29860788111948194	0.10000000000000002	0.1568720610478965	0.33166247903554	0.2968164415931166
2,10,13	0.0	0.0	-1.8558781866724394	0.0	0.0	0.0	0.0	0.0	0.0	0.0	4.051483322298811	0.0	0.0	1.1596399205213044	-2.814968802722583	1.0	0.0	1.0	1.0	1.0	0.0	0.0	0.0	0.0	0.0
3,6,10	0.0	0.0	0.0	3.386310455624689	0.0	0.0	0.5105903474914077	0.0	0.0	0.0	2.5978367051571603	0.0	0.0	0.0	-4.508237332981321	1.0	0.0	1.0	1.0	1.0	0.0	0.0	0.0	0.0	0.0
3,7,12	0.0	0.0	0.0	3.093716702018842	0.0	0.0	0.0	2.189783839851616	0.0	0.0	0.0	0.0	1.5522507972222965	0.0	-3.6647187444421063	1.0	0.0	1.0	1.0	1.0	0.0	0.0	0.0	0.0	0.0
3,5,9	0.0	0.0	0.0	4.067009608282604	0.0	-1.5630358595889144	0.0	0.0	0.0	0.6384252093135844	0.0	0.0	0.0	0.0	-2.509735925337389	0.9666666666666666	0.0	0.9833333333333334	1.0	0.9800000000000001	0.1	0.0	0.04999999999999999	0.0	0.05999999999999999
2,7,8	0.0	0.0	-3.62648032826975	0.0	0.0	0.0	0.0	3.3457734113703275	-0.8029727027383917	0.0	0.0	0.0	0.0	0.0	0.6436604015758293	1.0	0.0	1.0	1.0	1.0	0.0	0.0	0.0	0.0	0.0
2,8,10	0.0	0.0	-1.856859355143381	0.0	0.0	0.0	0.0	0.0	0.47015246523832505	0.0	4.471379527816477	0.0	0.0	0.0	-2.429670504540224	1.0	0.0	1.0	1.0	1.0	0.0	0.0	0.0	0.0	0.0
3,4,9	0.0	0.0	0.0	3.4081657328839574	0.6678266585657533	0.0	0.0	0.0	0.0	1.1201304279649766	0.0	0.0	0.0	0.0	-3.1100931046232594	1.0	0.25	0.8452380952380952	0.7516666666666667	0.8454761904761906	0.0	0.19364916731037085	0.1238324154661509	0.18490988796347985	0.12131390477626008
3,12,13	0.0	0.0	0.0	4.465623102843524	0.0	0.0	0.0	0.0	0.0	0.0	0.0	0.0	0.10017281849771949	1.4283019512341646	-4.398024207908727	1.0	0.0	1.0	1.0	1.0	0.0	0.0	0.0	0.0	0.0
2,11,12	0.0	0.0	-2.795143934538558	0.0	0.0	0.0	0.0	0.0	0.0	0.0	0.0	0.0	0.43914621258165154	0.0	0.5610980103985174	0.2833333333333333	0.0	0.7	0.6	0.38	0.2477678124553084	0.0	0.11770673423150743	0.48989794855663565	0.3208322510804257
2,7,12	0.0	0.0	-2.491535823874022	0.0	0.0	0.0	0.0	3.642086600488546	0.0	0.0	0.0	0.0	1.6750616548045305	0.0	-0.9123230486688267	1.0	0.0	1.0	1.0	1.0	0.0	0.0	0.0	0.0	0.0
2,8,13	0.0	0.0	-1.5038740134270094	0.0	0.0	0.0	0.0	0.0	0.1938553213060566	0.0	0.0	0.0	0.0	2.4685542463197914	-0.7011648593820938	1.0	0.5416666666666667	0.6857142857142857	0.585	0.7309523809523809	0.0	0.23935677693908453	0.13119026013291343	0.1205197079319395	0.09511897312113415
3,6,11	0.0	0.0	0.0	3.8481141462238115	0.0	0.0	1.1436792806023308	0.0	0.0	0.0	0.0	0.0	0.0	0.0	-3.2167214728100246	1.0	0.0	1.0	1.0	1.0	0.0	0.0	0.0	0.0	0.0
3,7,13	0.0	0.0	0.0	4.037101325197504	0.0	0.0	0.0	1.656145814015061	0.0	0.0	0.0	0.0	0.0	-0.30712573315559777	-3.5367078446585802	0.9333333333333333	0.0	0.9666666666666666	1.0	0.95	0.2	0.0	0.1	0.0	0.15
3,9,11	0.0	0.0	0.0	3.8959195832938747	0.0	0.0	0.0	0.0	0.0	1.1013549291478948	0.0	0.0	0.0	0.0	-3.295479798286146	1.0	0.175	0.8928571428571429	0.8266666666666665	0.893095238095238	0.0	0.19525624189766638	0.1210545125608206	0.18592113023179122	0.11838123012647954
4,5,13	0.0	0.0	0.0	0.0	3.1828555517617976	-2.340645624102676	0.0	0.0	0.0	0.0	0.0	0.0	0.0	2.6071839503553953	-1.8732026208710273	1.0	0.0	1.0	1.0	1.0	0.0	0.0	0.0	0.0	0.0
3,5,10	0.0	0.0	0.0	3.4503846287058275	0.0	-0.6152002674369264	0.0	0.0	0.0	0.0	2.3623146874757808	0.0	0.0	0.0	-3.7104229903252275	1.0	0.0	1.0	1.0	1.0	0.0	0.0	0.0	0.0	0.0
3,4,10	0.0	0.0	0.0	2.4230629191297104	0.9999448747481727	0.0	0.0	0.0	0.0	0.0	3.176609060947354	0.0	0.0	0.0	-4.305929950588253	1.0	0.0	1.0	1.0	1.0	0.0	0.0	0.0	0.0	0.0
4,5,6	0.0	0.0	0.0	0.0	3.0743232282810213	-1.5507378329318144	2.4152906510447627	0.0	0.0	0.0	0.0	0.0	0.0	0.0	-1.7257999521077376	0.7666666666666666	0.0	0.9023809523809524	1.0	0.8433333333333334	0.24944382578492943	0.0	0.10934250003052413	0.0	0.17515072873892867
2,8,11	0.0	0.0	-2.5713688664060212	0.0	0.0	0.0	0.0	0.0	1.2110509499468662	0.0	0.0	0.0	0.0	0.0	0.3830235470929436	0.3333333333333333	0.175	0.6047619047619047	0.4333333333333333	nan	0.32489314482696546	0.22500000000000003	0.13850513878332368	0.41633319989322654	nan
2,9,10	0.0	0.0	-1.8524528350229044	0.0	0.0	0.0	0.0	0.0	0.0	0.933083498904774	4.211000182727179	0.0	0.0	0.0	-2.553101427779482	1.0	0.0	1.0	1.0	1.0	0.0	0.0	0.0	0.0	0.0
4,7,8	0.0	0.0	0.0	0.0	2.84182441459784	0.0	0.0	3.161791389324481	-1.1855920542169678	0.0	0.0	0.0	0.0	0.0	-1.8941687302462018	0.9333333333333332	0.0	0.9690476190476192	1.0	0.96	0.13333333333333336	0.0	0.06213327786047566	0.0	0.07999999999999999
2,11,13	0.0	0.0	-1.5387215196216935	0.0	0.0	0.0	0.0	0.0	0.0	0.0	0.0	0.0	0.0	2.600744090968565	-0.7023773890647514	1.0	0.5416666666666667	0.6857142857142857	0.585	0.7309523809523809	0.0	0.23935677693908453	0.13119026013291343	0.1205197079319395	0.09511897312113415
4,6,7	0.0	0.0	0.0	0.0	2.9216127132596936	0.0	0.8746679275084123	2.0025880265634965	0.0	0.0	0.0	0.0	0.0	0.0	-2.3505675227714695	1.0	0.075	0.9523809523809523	0.9083333333333332	0.9457142857142857	0.0	0.11456439237389598	0.07299861769883757	0.14166666666666666	0.084225159845621
3,8,9	0.0	0.0	0.0	4.054990193471035	0.0	0.0	0.0	0.0	-0.9915607442447631	1.4933464755691328	0.0	0.0	0.0	0.0	-3.116901927697539	1.0	0.1	0.9357142857142857	0.8916666666666666	0.9323809523809524	0.0	0.16583123951777	0.1086142355043528	0.175	0.11215877957937442
3,6,12	0.0	0.0	0.0	2.591270601539155	0.0	0.0	1.5804526738219544	0.0	0.0	0.0	0.0	0.0	1.1862827424542721	0.0	-2.768916495426698	1.0	0.05	0.9666666666666668	0.9333333333333332	0.96	0.0	0.10000000000000002	0.06666666666666665	0.13333333333333336	0.07999999999999999
3,9,12	0.0	0.0	0.0	3.9109352471586867	0.0	0.0	0.0	0.0	0.0	1.1083623043681228	0.0	0.0	0.01800669016828234	0.0	-3.314496618066022	1.0	0.175	0.8928571428571429	0.8266666666666665	0.893095238095238	0.0	0.19525624189766638	0.1210545125608206	0.18592113023179122	0.11838123012647954
3,4,11	0.0	0.0	0.0	3.7377134804492753	1.0988141415159394	0.0	0.0	0.0	0.0	0.0	0.0	0.0	0.0	0.0	-3.015640836183844	1.0	0.0	1.0	1.0	1.0	0.0	0.0	0.0	0.0	0.0
4,5,7	0.0	0.0	0.0	0.0	3.01954545620611	-1.2729762032922	0.0	2.646352534453751	0.0	0.0	0.0	0.0	0.0	0.0	-1.861428240096674	0.9	0.0	0.95	1.0	0.93	0.21343747458109494	0.0	0.10671873729054748	0.0	0.15524174696260024
2,9,11	0.0	0.0	-2.0834376554719976	0.0	0.0	0.0	0.0	0.0	0.0	2.5835323945839197	0.0	0.0	0.0	0.0	-0.2353436576635995	0.9666666666666666	0.25	0.830952380952381	0.7516666666666667	0.8254761904761905	0.1	0.19364916731037085	0.11291338763218454	0.18490988796347985	0.11016401913107163
4,7,9	0.0	0.0	0.0	0.0	2.849588437112627	0.0	0.0	2.923915953250446	0.0	-0.6202639472889253	0.0	0.0	0.0	0.0	-1.9796976249959375	1.0	0.0	1.0	1.0	1.0	0.0	0.0	0.0	0.0	0.0
3,5,11	0.0	0.0	0.0	4.458109976068215	0.0	-1.4370740166027138	0.0	0.0	0.0	0.0	0.0	0.0	0.0	0.0	-2.3961960830550817	1.0	0.0	1.0	1.0	1.0	0.0	0.0	0.0	0.0	0.0
3,8,10	0.0	0.0	0.0	3.19723551375283	0.0	0.0	0.0	0.0	-0.0906971005822351	0.0	2.8737935106029857	0.0	0.0	0.0	-4.247205982516499	1.0	0.0	1.0	1.0	1.0	0.0	0.0	0.0	0.0	0.0
4,8,11	0.0	0.0	0.0	0.0	2.0568515410191504	0.0	0.0	0.0	1.0283064337818397	0.0	0.0	0.0	0.0	0.0	-1.4996531567336064	0.4833333333333333	0.25	0.6214285714285713	0.6	nan	0.3023059524536176	0.19364916731037085	0.15410115357413723	0.30912061651652345	nan
3,6,13	0.0	0.0	0.0	3.8612553128299347	0.0	0.0	1.2211237084425415	0.0	0.0	0.0	0.0	0.0	0.0	-0.3648280903931379	-2.975860266844893	1.0	0.0	1.0	1.0	1.0	0.0	0.0	0.0	0.0	0.0
2,12,13	0.0	0.0	-1.5130534377622238	0.0	0.0	0.0	0.0	0.0	0.0	0.0	0.0	0.0	0.036771613716923404	2.58778491233202	-0.7278109817348988	1.0	0.5416666666666667	0.6857142857142857	0.585	0.7309523809523809	0.0	0.23935677693908453	0.13119026013291343	0.1205197079319395	0.09511897312113415
3,4,12	0.0	0.0	0.0	3.684802225816525	1.3100932824864138	0.0	0.0	0.0	0.0	0.0	0.0	0.0	-0.8740346718014915	0.0	-2.8856762851303706	1.0	0.0	1.0	1.0	1.0	0.0	0.0	0.0	0.0	0.0
4,6,8	0.0	0.0	0.0	0.0	2.7523258027531208	0.0	2.83902266422357	0.0	-0.9409494901859853	0.0	0.0	0.0	0.0	0.0	-1.8522093464377984	0.9333333333333333	0.075	0.9214285714285714	0.9266666666666665	0.905	0.2	0.16007810593582122	0.12601065354665944	0.14742229591663988	0.1619413474070165
3,7,8	0.0	0.0	0.0	4.167052927549897	0.0	0.0	0.0	1.757373762822084	-0.730359562474694	0.0	0.0	0.0	0.0	0.0	-3.5328196804753857	0.9666666666666666	0.0	0.9833333333333334	1.0	0.9800000000000001	0.1	0.0	0.04999999999999999	0.0	0.05999999999999999
4,5,8	0.0	0.0	0.0	0.0	3.3949025218820914	-1.971397950971188	0.0	0.0	1.9604705255774846	0.0	0.0	0.0	0.0	0.0	-1.6310500792902434	0.8	0.1	0.8452380952380952	0.9	0.7933333333333332	0.26666666666666666	0.20000000000000004	0.13934166560380506	0.2	0.19367785395111933
3,9,13	0.0	0.0	0.0	4.050160818957073	0.0	0.0	0.0	0.0	0.0	0.8544444264646003	0.0	0.0	0.0	0.6422624853791784	-3.7849040784121213	1.0	0.15	0.9071428571428571	0.8416666666666666	0.9038095238095238	0.0	0.16583123951777	0.1067187372905475	0.17260262647673316	0.10945753688509706
2,9,12	0.0	0.0	-2.0684855341969373	0.0	0.0	0.0	0.0	0.0	0.0	2.5947481047585272	0.0	0.0	0.0073859334469440156	0.0	-0.24969819925365408	0.9666666666666666	0.25	0.830952380952381	0.7516666666666667	0.8254761904761905	0.1	0.19364916731037085	0.11291338763218454	0.18490988796347985	0.11016401913107163
4,8,12	0.0	0.0	0.0	0.0	2.734046017161406	0.0	0.0	0.0	0.8591917136815066	0.0	0.0	0.0	-0.8653566907929037	0.0	-1.2887134666342217	0.7	0.25	0.7142857142857142	0.6833333333333333	0.6499999999999999	0.27688746209726917	0.19364916731037085	0.14715749657488042	0.22912878474779202	0.18811934746029949
3,8,11	0.0	0.0	0.0	4.649406311964976	0.0	0.0	0.0	0.0	-0.19646218238217028	0.0	0.0	0.0	0.0	0.0	-3.3163138981233415	1.0	0.0	1.0	1.0	1.0	0.0	0.0	0.0	0.0	0.0
3,5,12	0.0	0.0	0.0	3.776467272051343	0.0	-1.7343426670571667	0.0	0.0	0.0	0.0	0.0	0.0	0.9654788793717669	0.0	-2.0025382647171432	1.0	0.0	1.0	1.0	1.0	0.0	0.0	0.0	0.0	0.0
4,7,10	0.0	0.0	0.0	0.0	2.543711172929535	0.0	0.0	1.9225088419317395	0.0	0.0	2.8703574111896466	0.0	0.0	0.0	-3.9502686427251845	1.0	0.0	1.0	1.0	1.0	0.0	0.0	0.0	0.0	0.0
3,4,13	0.0	0.0	0.0	3.510935489102503	0.8604906788804125	0.0	0.0	0.0	0.0	0.0	0.0	0.0	0.0	1.4309430484633825	-3.908402311525875	1.0	0.0	1.0	1.0	1.0	0.0	0.0	0.0	0.0	0.0
3,4,5	0.0	0.0	0.0	3.2806234253559863	1.7474642345036275	-2.009477106035198	0.0	0.0	0.0	0.0	0.0	0.0	0.0	0.0	-1.8029582449878796	1.0	0.0	1.0	1.0	1.0	0.0	0.0	0.0	0.0	0.0
4,5,9	0.0	0.0	0.0	0.0	3.3689491060894974	-1.964548419990716	0.0	0.0	0.0	2.235795804218699	0.0	0.0	0.0	0.0	-1.8169678066590602	0.9666666666666666	0.1	0.919047619047619	0.8833333333333332	0.9066666666666666	0.1	0.16583123951777	0.11024606574085931	0.18333333333333335	0.12
4,6,9	0.0	0.0	0.0	0.0	2.7322397252206265	0.0	2.744791859603254	0.0	0.0	-0.5930416083100497	0.0	0.0	0.0	0.0	-1.878756091686586	0.9666666666666666	0.2	0.857142857142857	0.8016666666666665	0.8540476190476192	0.1	0.2179449471770337	0.1325658181626196	0.20982135258357287	0.1311904761904762
3,7,9	0.0	0.0	0.0	4.04003465636063	0.0	0.0	0.0	1.66170729584761	0.0	-0.11733333771048952	0.0	0.0	0.0	0.0	-3.7209953103389934	0.9333333333333333	0.0	0.9666666666666666	1.0	0.95	0.2	0.0	0.1	0.0	0.15
3,10,11	0.0	0.0	0.0	3.2281319654811425	0.0	0.0	0.0	0.0	0.0	0.0	2.9310843738250063	0.0	0.0	0.0	-4.3662976802876825	1.0	0.0	1.0	1.0	1.0	0.0	0.0	0.0	0.0	0.0
2,9,13	0.0	0.0	-2.0341559614211553	0.0	0.0	0.0	0.0	0.0	0.0	1.780337412142621	0.0	0.0	0.0	1.6913339639164047	-0.9447207185387196	1.0	0.2833333333333333	0.8285714285714285	0.7266666666666667	0.8311904761904761	0.0	0.1755942292142123	0.11258657540511323	0.16552945357246848	0.1101763686075489
4,8,13	0.0	0.0	0.0	0.0	2.289347459379126	0.0	0.0	0.0	-0.3232314931383734	0.0	0.0	0.0	0.0	1.8029993671675495	-2.132280839627357	0.6333333333333333	0.175	0.7261904761904762	0.8	0.6266666666666667	0.31446603773522014	0.22500000000000003	0.14255921314212097	0.2560381915956203	0.1878533707147383
3,8,12	0.0	0.0	0.0	4.789634871746438	0.0	0.0	0.0	0.0	-0.21029854513220664	0.0	0.0	0.0	-0.24984045062955867	0.0	-3.3258989627607023	1.0	0.0	1.0	1.0	1.0	0.0	0.0	0.0	0.0	0.0
3,5,6	0.0	0.0	0.0	3.647640994417766	0.0	-1.32628880964729	0.9376384298815239	0.0	0.0	0.0	0.0	0.0	0.0	0.0	-2.409120218731247	0.8666666666666666	0.0	0.9357142857142857	1.0	0.9100000000000001	0.22110831935702666	0.0	0.10861423550435281	0.0	0.157797338380595
4,5,10	0.0	0.0	0.0	0.0	1.8698395210036676	-0.4172248371734503	0.0	0.0	0.0	0.0	3.8986700429783907	0.0	0.0	0.0	-3.321838430440524	1.0	0.05	0.9690476190476189	0.9416666666666667	0.9657142857142856	0.0	0.10000000000000002	0.06213327786047566	0.11814539065631523	0.06975174637562116
3,10,12	0.0	0.0	0.0	2.7881551954997783	0.0	0.0	0.0	0.0	0.0	0.0	2.907293070753878	0.0	0.48873694965921477	0.0	-4.217718361764829	1.0	0.0	1.0	1.0	1.0	0.0	0.0	0.0	0.0	0.0
3,5,13	0.0	0.0	0.0	4.446058064660792	0.0	-1.4354138281741569	0.0	0.0	0.0	0.0	0.0	0.0	0.0	0.41222496783921264	-2.7451476210175736	0.9666666666666666	0.0	0.9833333333333334	1.0	0.9800000000000001	0.1	0.0	0.04999999999999999	0.0	0.05999999999999999
4,9,10	0.0	0.0	0.0	0.0	1.5573039137158957	0.0	0.0	0.0	0.0	0.8609918942274003	4.1925365543152	0.0	0.0	0.0	-4.093899189243542	1.0	0.0	1.0	1.0	1.0	0.0	0.0	0.0	0.0	0.0
3,7,10	0.0	0.0	0.0	3.5091935698220267	0.0	0.0	0.0	0.6905237200050512	0.0	0.0	2.3993513093635093	0.0	0.0	0.0	-4.561535034927806	1.0	0.0	1.0	1.0	1.0	0.0	0.0	0.0	0.0	0.0
4,7,11	0.0	0.0	0.0	0.0	2.825119040165358	0.0	0.0	2.739218680705294	0.0	0.0	0.0	0.0	0.0	0.0	-2.2369053690404153	1.0	0.0	1.0	1.0	1.0	0.0	0.0	0.0	0.0	0.0
4,6,10	0.0	0.0	0.0	0.0	2.4245035388227016	0.0	1.618321889310255	0.0	0.0	0.0	3.271952000472041	0.0	0.0	0.0	-4.093724592962095	1.0	0.0	1.0	1.0	1.0	0.0	0.0	0.0	0.0	0.0
3,4,6	0.0	0.0	0.0	2.3170859906312358	1.146722510974359	0.0	1.3350160807796674	0.0	0.0	0.0	0.0	0.0	0.0	0.0	-2.470997500170066	1.0	0.2	0.8761904761904763	0.8099999999999999	0.8797619047619047	0.0	0.2179449471770337	0.13834132425079954	0.20591260281974	0.13452380952380955
2,10,11	0.0	0.0	-1.9102640780749867	0.0	0.0	0.0	0.0	0.0	0.0	0.0	4.331473658334352	0.0	0.0	0.0	-2.0472377242079443	1.0	0.0	1.0	1.0	1.0	0.0	0.0	0.0	0.0	0.0
3,10,13	0.0	0.0	0.0	3.2872784907227803	0.0	0.0	0.0	0.0	0.0	0.0	2.957541002111747	0.0	0.0	0.4827546513467701	-4.811962001918909	1.0	0.0	1.0	1.0	1.0	0.0	0.0	0.0	0.0	0.0
4,7,12	0.0	0.0	0.0	0.0	2.0770531806738672	0.0	0.0	3.1810712385911786	0.0	0.0	0.0	0.0	1.2964983240879018	0.0	-2.55927557391258	1.0	0.0	1.0	1.0	1.0	0.0	0.0	0.0	0.0	0.0
4,9,11	0.0	0.0	0.0	0.0	1.903549243980665	0.0	0.0	0.0	0.0	1.8173015453914814	0.0	0.0	0.0	0.0	-1.7184976209770972	0.8666666666666666	0.25	0.7857142857142857	0.7266666666666667	0.7597619047619047	0.22110831935702666	0.19364916731037085	0.12046772038736683	0.1997498435543818	0.15112747093647577
4,5,11	0.0	0.0	0.0	0.0	3.215575800400772	-0.8098488876722495	0.0	0.0	0.0	0.0	0.0	0.0	0.0	0.0	-1.4004577632416617	0.4333333333333333	0.0	0.7595238095238096	0.9	0.5633333333333332	0.2494438257849294	0.0	0.11241020603917026	0.30000000000000004	0.24605780711947434
3,4,7	0.0	0.0	0.0	2.5572276273063395	1.4749868637059507	0.0	0.0	1.742909057749392	0.0	0.0	0.0	0.0	0.0	0.0	-3.0570952959720588	1.0	0.0	1.0	1.0	1.0	0.0	0.0	0.0	0.0	0.0
3,8,13	0.0	0.0	0.0	4.61484167558644	0.0	0.0	0.0	0.0	-0.3609668559899782	0.0	0.0	0.0	0.0	1.3181877295131672	-4.219054015431153	1.0	0.0	1.0	1.0	1.0	0.0	0.0	0.0	0.0	0.0
3,7,11	0.0	0.0	0.0	4.0001890417971655	0.0	0.0	0.0	1.5721514356416804	0.0	0.0	0.0	0.0	0.0	0.0	-3.7063086774859384	0.9333333333333333	0.0	0.9666666666666666	1.0	0.95	0.2	0.0	0.1	0.0	0.15
3,5,7	0.0	0.0	0.0	3.9414301129948393	0.0	-0.8889208796067793	0.0	1.2617999607351247	0.0	0.0	0.0	0.0	0.0	0.0	-3.0651452986225514	0.9	0.0	0.9523809523809523	1.0	0.93	0.21343747458109494	0.0	0.10432810619146024	0.0	0.15524174696260024
3,6,7	0.0	0.0	0.0	3.7180925024839473	0.0	0.0	0.5843885494040297	0.966340127445318	0.0	0.0	0.0	0.0	0.0	0.0	-3.433865244293621	0.9333333333333333	0.0	0.9666666666666666	1.0	0.95	0.2	0.0	0.1	0.0	0.15
4,6,11	0.0	0.0	0.0	0.0	2.7594602683908493	0.0	2.542411470716284	0.0	0.0	0.0	0.0	0.0	0.0	0.0	-2.1869950868576895	0.9666666666666666	0.2	0.857142857142857	0.8016666666666665	0.8540476190476192	0.1	0.2179449471770337	0.1325658181626196	0.20982135258357287	0.1311904761904762
4,7,13	0.0	0.0	0.0	0.0	2.7369125697283603	0.0	0.0	2.175118033819893	0.0	0.0	0.0	0.0	0.0	0.5357602534599989	-2.2206881178711133	1.0	0.225	0.8595238095238095	0.7766666666666666	0.8597619047619048	0.0	0.2076655965729519	0.132330411729431	0.19933221850301402	0.12995049641796055
2,10,12	0.0	0.0	-2.0066652719479556	0.0	0.0	0.0	0.0	0.0	0.0	0.0	4.258904257063984	0.0	-0.228616566594578	0.0	-1.8735151992295993	1.0	0.025	0.9857142857142858	0.975	0.9857142857142858	0.0	0.07500000000000001	0.04285714285714287	0.075	0.04285714285714287
3,11,12	0.0	0.0	0.0	4.790128535372547	0.0	0.0	0.0	0.0	0.0	0.0	0.0	0.0	-0.24234395318637195	0.0	-3.4350839380036575	1.0	0.0	1.0	1.0	1.0	0.0	0.0	0.0	0.0	0.0
4,10,12	0.0	0.0	0.0	0.0	2.015413357842651	0.0	0.0	0.0	0.0	0.0	4.065844177183541	0.0	-0.514737728431406	0.0	-3.526310427985306	1.0	0.0	1.0	1.0	1.0	0.0	0.0	0.0	0.0	0.0
4,9,12	0.0	0.0	0.0	0.0	2.5266355370340974	0.0	0.0	0.0	0.0	1.5890207631695754	0.0	0.0	-0.8136843827562042	0.0	-1.488064127946163	0.9666666666666666	0.25	0.830952380952381	0.7433333333333334	0.8264285714285714	0.1	0.19364916731037085	0.12973459738881216	0.18666666666666668	0.13243083164455335
3,9,10	0.0	0.0	0.0	3.2624932949838863	0.0	0.0	0.0	0.0	0.0	0.45038681711872003	2.930751994823004	0.0	0.0	0.0	-4.707837928445278	1.0	0.0	1.0	1.0	1.0	0.0	0.0	0.0	0.0	0.0
4,5,12	0.0	0.0	0.0	0.0	3.684051240469627	-0.9247397582841735	0.0	0.0	0.0	0.0	0.0	0.0	-0.7874343011631086	0.0	-1.2172887982809832	0.4833333333333333	0.0	0.7761904761904762	0.9	0.5966666666666666	0.3023059524536176	0.0	0.13265131692556306	0.30000000000000004	0.278268455512538
3,5,8	0.0	0.0	0.0	4.443962658843243	0.0	-1.3897594544085528	0.0	0.0	-0.10736660587634736	0.0	0.0	0.0	0.0	0.0	-2.3345024628318787	1.0	0.0	1.0	1.0	1.0	0.0	0.0	0.0	0.0	0.0
4,6,12	0.0	0.0	0.0	0.0	2.275631853582844	0.0	2.959052802816572	0.0	0.0	0.0	0.0	0.0	1.1304499211856018	0.0	-2.5909803366537845	1.0	0.175	0.8904761904761905	0.835	0.894047619047619	0.0	0.22500000000000003	0.14293648590289176	0.21219095173922944	0.13887811749614978
4,8,9	0.0	0.0	0.0	0.0	1.856837747949664	0.0	0.0	0.0	0.5272868810360756	1.6186087772831115	0.0	0.0	0.0	0.0	-1.799698988644293	0.9666666666666666	0.25	0.830952380952381	0.7433333333333334	0.8264285714285714	0.1	0.19364916731037085	0.12973459738881216	0.18666666666666668	0.13243083164455335
3,6,8	0.0	0.0	0.0	3.8423714693430404	0.0	0.0	1.6659701695305849	0.0	-1.582069853827695	0.0	0.0	0.0	0.0	0.0	-2.6511836216394835	0.9666666666666666	0.0	0.9833333333333334	1.0	0.9800000000000001	0.1	0.0	0.04999999999999999	0.0	0.05999999999999999
4,10,13	0.0	0.0	0.0	0.0	1.6920175862693352	0.0	0.0	0.0	0.0	0.0	3.9379679837005988	0.0	0.0	1.3657934939534286	-4.435190497126244	1.0	0.0	1.0	1.0	1.0	0.0	0.0	0.0	0.0	0.0
3,4,8	0.0	0.0	0.0	3.7792209643630086	1.17120209052801	0.0	0.0	0.0	-0.5427777985488693	0.0	0.0	0.0	0.0	0.0	-2.8119709969654982	1.0	0.0	1.0	1.0	1.0	0.0	0.0	0.0	0.0	0.0
5,6,10	0.0	0.0	0.0	0.0	0.0	-0.3381163639705251	1.6485751805763393	0.0	0.0	0.0	2.494911805998052	0.0	0.0	0.0	-2.6533260621240324	0.7166666666666666	0.0	0.8857142857142858	1.0	0.8099999999999999	0.24776781245530843	0.0	0.10583862271853747	0.0	0.17387735140993302
4,8,10	0.0	0.0	0.0	0.0	1.630808193375723	0.0	0.0	0.0	0.4802009198462417	0.0	4.289129479411084	0.0	0.0	0.0	-3.977599127534986	1.0	0.0	1.0	1.0	1.0	0.0	0.0	0.0	0.0	0.0
4,6,13	0.0	0.0	0.0	0.0	2.226129656337041	0.0	1.5038074347799988	0.0	0.0	0.0	0.0	0.0	0.0	1.1550352785683864	-2.0665669108404625	1.0	0.25	0.8452380952380952	0.7516666666666667	0.8454761904761906	0.0	0.19364916731037085	0.1238324154661509	0.18490988796347985	0.12131390477626008
5,9,11	0.0	0.0	0.0	0.0	0.0	-1.3625925000627048	0.0	0.0	0.0	2.8431573137936565	0.0	0.0	0.0	0.0	-1.3524748340099297	0.6	0.15	0.7452380952380953	0.6683333333333333	nan	0.3511884584284246	0.2	0.1730249742764206	0.3958429823385362	nan
3,11,13	0.0	0.0	0.0	4.593732970717311	0.0	0.0	0.0	0.0	0.0	0.0	0.0	0.0	0.0	1.2704177714047553	-4.337957985835229	1.0	0.0	1.0	1.0	1.0	0.0	0.0	0.0	0.0	0.0
5,7,12	0.0	0.0	0.0	0.0	0.0	-0.838418413890903	0.0	3.5942571120309568	0.0	0.0	0.0	0.0	2.4499321230022963	0.0	-2.152410031423546	0.7166666666666666	0.0	0.8857142857142858	1.0	0.8099999999999999	0.24776781245530843	0.0	0.10583862271853747	0.0	0.17387735140993302
4,11,12	0.0	0.0	0.0	0.0	3.0788817992962287	0.0	0.0	0.0	0.0	0.0	0.0	0.0	-1.02135390773262	0.0	-1.1070509372935824	0.4833333333333333	0.0	0.7761904761904762	0.9	0.5966666666666666	0.3023059524536176	0.0	0.13265131692556306	0.30000000000000004	0.278268455512538
4,9,13	0.0	0.0	0.0	0.0	1.8082781670677572	0.0	0.0	0.0	0.0	1.4283365439091606	0.0	0.0	0.0	1.5852715115667932	-2.4017718540328934	1.0	0.25	0.8452380952380952	0.7516666666666667	0.8454761904761906	0.0	0.19364916731037085	0.1238324154661509	0.18490988796347985	0.12131390477626008
3,6,9	0.0	0.0	0.0	3.876107690474181	0.0	0.0	1.3513856015373702	0.0	0.0	-0.2753552242673248	0.0	0.0	0.0	0.0	-3.1808846168498914	0.9666666666666666	0.0	0.9833333333333334	1.0	0.9800000000000001	0.1	0.0	0.04999999999999999	0.0	0.05999999999999999
5,6,11	0.0	0.0	0.0	0.0	0.0	-0.8386327600068453	2.564566141454545	0.0	0.0	0.0	0.0	0.0	0.0	0.0	-1.1608094440637617	0.7166666666666666	0.0	0.8857142857142858	1.0	0.8099999999999999	0.24776781245530843	0.0	0.10583862271853747	0.0	0.17387735140993302
6,8,10	0.0	0.0	0.0	0.0	0.0	0.0	1.8724100851266114	0.0	-0.4844822289456533	0.0	2.43759443480873	0.0	0.0	0.0	-2.6075482808693184	0.7166666666666666	0.0	0.8857142857142858	1.0	0.8099999999999999	0.24776781245530843	0.0	0.10583862271853747	0.0	0.17387735140993302
6,10,11	0.0	0.0	0.0	0.0	0.0	0.0	1.6065441584431845	0.0	0.0	0.0	2.8735486180505214	0.0	0.0	0.0	-3.075699462962441	0.7166666666666666	0.0	0.8857142857142858	1.0	0.8099999999999999	0.24776781245530843	0.0	0.10583862271853747	0.0	0.17387735140993302
7,8,11	0.0	0.0	0.0	0.0	0.0	0.0	0.0	3.3419633192126157	-0.8001681797872957	0.0	0.0	0.0	0.0	0.0	-1.4476017334340774	0.7166666666666666	0.0	0.8857142857142858	1.0	0.8099999999999999	0.24776781245530843	0.0	0.10583862271853747	0.0	0.17387735140993302
5,9,12	0.0	0.0	0.0	0.0	0.0	-1.3262440500983126	0.0	0.0	0.0	2.8148645000381034	0.0	0.0	-0.04080166138163743	0.0	-1.3301548731015171	0.6833333333333333	0.175	0.7642857142857142	0.7933333333333333	0.6930952380952381	0.22912878474779202	0.19525624189766638	0.1163747562842851	0.23501772982763094	0.15890944240149402
4,11,13	0.0	0.0	0.0	0.0	2.26810316371287	0.0	0.0	0.0	0.0	0.0	0.0	0.0	0.0	1.7669109459441263	-2.2502422441572536	0.7333333333333333	0.25	0.7285714285714285	0.6833333333333333	0.6799999999999999	0.24944382578492943	0.19364916731037085	0.1532712089469627	0.22912878474779202	0.18571184369578825
8,9,13	0.0	0.0	0.0	0.0	0.0	0.0	0.0	0.0	-0.5970065537836129	1.8287918534162675	0.0	0.0	0.0	1.7686580044061748	-1.8137825864431563	0.8	0.25	0.7642857142857142	0.71	0.733095238095238	0.20816659994661327	0.19364916731037085	0.15225068836903016	0.2356079606276306	0.1849448345770562
5,12,13	0.0	0.0	0.0	0.0	0.0	-2.6358761064638565	0.0	0.0	0.0	0.0	0.0	0.0	2.5125366096387465	4.064519390453649	-2.5369784356787997	0.8666666666666666	0.0	0.9357142857142857	1.0	0.9100000000000001	0.22110831935702666	0.0	0.10861423550435281	0.0	0.157797338380595
7,10,12	0.0	0.0	0.0	0.0	0.0	0.0	0.0	2.509007832111391	0.0	0.0	2.872990627406318	0.0	2.396204110982241	0.0	-3.966266225581213	0.9666666666666666	0.0	0.9833333333333334	1.0	0.9800000000000001	0.1	0.0	0.04999999999999999	0.0	0.05999999999999999
5,6,12	0.0	0.0	0.0	0.0	0.0	-0.996493109073999	3.161587698550915	0.0	0.0	0.0	0.0	0.0	1.6441179221323765	0.0	-1.851677814001168	0.7166666666666666	0.0	0.8857142857142858	1.0	0.8099999999999999	0.24776781245530843	0.0	0.10583862271853747	0.0	0.17387735140993302
5,7,13	0.0	0.0	0.0	0.0	0.0	-1.2229527385823857	0.0	2.239834158517834	0.0	0.0	0.0	0.0	0.0	0.7753624388432735	-1.3902917864010225	0.7166666666666666	0.0	0.8857142857142858	1.0	0.8099999999999999	0.24776781245530843	0.0	0.10583862271853747	0.0	0.17387735140993302
4,10,11	0.0	0.0	0.0	0.0	1.6818034335870045	0.0	0.0	0.0	0.0	0.0	4.152627659089564	0.0	0.0	0.0	-3.617186932006369	1.0	0.0	1.0	1.0	1.0	0.0	0.0	0.0	0.0	0.0
6,8,11	0.0	0.0	0.0	0.0	0.0	0.0	2.9045677464695148	0.0	-0.7937239003355986	0.0	0.0	0.0	0.0	0.0	-1.1722775038862936	0.7166666666666666	0.0	0.8857142857142858	1.0	0.8099999999999999	0.24776781245530843	0.0	0.10583862271853747	0.0	0.17387735140993302
6,10,12	0.0	0.0	0.0	0.0	0.0	0.0	1.9369465396533516	0.0	0.0	0.0	3.262599903633599	0.0	2.025872010873331	0.0	-3.899341205634827	0.9666666666666666	0.0	0.9833333333333334	1.0	0.9800000000000001	0.1	0.0	0.04999999999999999	0.0	0.05999999999999999
5,9,13	0.0	0.0	0.0	0.0	0.0	-2.163550556107986	0.0	0.0	0.0	1.4254782313028236	0.0	0.0	0.0	2.184611805017256	-1.6896887336002913	0.7166666666666666	0.025	0.8714285714285716	0.975	0.7957142857142856	0.24776781245530843	0.07500000000000001	0.09885971186679379	0.075	0.16322223071211672
6,7,8	0.0	0.0	0.0	0.0	0.0	0.0	1.980171170185161	1.5159177828017638	-1.433394750583381	0.0	0.0	0.0	0.0	0.0	-1.1936532654077003	0.7166666666666666	0.0	0.8857142857142858	1.0	0.8099999999999999	0.24776781245530843	0.0	0.10583862271853747	0.0	0.17387735140993302
5,6,13	0.0	0.0	0.0	0.0	0.0	-1.4296050934045037	1.9036664830380214	0.0	0.0	0.0	0.0	0.0	0.0	1.063059198429636	-1.343667065484931	0.7166666666666666	0.0	0.8857142857142858	1.0	0.8099999999999999	0.24776781245530843	0.0	0.10583862271853747	0.0	0.17387735140993302
7,10,13	0.0	0.0	0.0	0.0	0.0	0.0	0.0	1.4885493676354946	0.0	0.0	2.9983506463345484	0.0	0.0	0.3243273207282275	-3.272588863274419	0.7166666666666666	0.0	0.8857142857142858	1.0	0.8099999999999999	0.24776781245530843	0.0	0.10583862271853747	0.0	0.17387735140993302
5,8,9	0.0	0.0	0.0	0.0	0.0	-1.6024441914307055	0.0	0.0	1.1641776154762677	2.251169619528983	0.0	0.0	0.0	0.0	-1.4788159849580613	0.7166666666666666	0.175	0.7785714285714287	0.7933333333333333	0.713095238095238	0.24776781245530843	0.19525624189766638	0.13428655859241498	0.23501772982763094	0.1820120912482031
7,8,12	0.0	0.0	0.0	0.0	0.0	0.0	0.0	3.959716276132373	-0.8167032610078383	0.0	0.0	0.0	2.6222098669465583	0.0	-2.2819852774940417	0.7999999999999999	0.0	0.919047619047619	1.0	0.8633333333333333	0.2560381915956203	0.0	0.11024606574085931	0.0	0.18040078836979745
8,10,11	0.0	0.0	0.0	0.0	0.0	0.0	0.0	0.0	0.7075592859839237	0.0	4.7071187275152955	0.0	0.0	0.0	-3.810027455191478	0.8833333333333332	0.0	0.9523809523809523	1.0	0.9266666666666667	0.18333333333333335	0.0	0.07299861769883757	0.0	0.1171893055416463
5,10,11	0.0	0.0	0.0	0.0	0.0	0.22897943002696838	0.0	0.0	0.0	0.0	4.756867750764916	0.0	0.0	0.0	-3.5349160131845423	0.9333333333333332	0.025	0.9547619047619047	0.975	0.9457142857142857	0.13333333333333336	0.07500000000000001	0.06937524897301652	0.075	0.084225159845621
6,8,12	0.0	0.0	0.0	0.0	0.0	0.0	3.3397472966466566	0.0	-0.7288627047747563	0.0	0.0	0.0	1.3147309394263242	0.0	-1.7224990045647754	0.7166666666666666	0.025	0.8714285714285716	0.975	0.7957142857142856	0.24776781245530843	0.07500000000000001	0.09885971186679379	0.075	0.16322223071211672
9,10,12	0.0	0.0	0.0	0.0	0.0	0.0	0.0	0.0	0.0	1.1160249492120156	4.611894279200975	0.0	1.1407485043279957	0.0	-4.2822594733182315	1.0	0.025	0.9857142857142858	0.975	0.9857142857142858	0.0	0.07500000000000001	0.04285714285714287	0.075	0.04285714285714287
6,10,13	0.0	0.0	0.0	0.0	0.0	0.0	1.3606904072897466	0.0	0.0	0.0	3.072652495193859	0.0	0.0	0.39768825220222775	-3.3699238695723475	0.7166666666666666	0.0	0.8857142857142858	1.0	0.8099999999999999	0.24776781245530843	0.0	0.10583862271853747	0.0	0.17387735140993302
6,7,9	0.0	0.0	0.0	0.0	0.0	0.0	1.7757313799885466	1.5948901366893729	0.0	-0.6041445318956818	0.0	0.0	0.0	0.0	-1.5815939418607938	0.7166666666666666	0.0	0.8857142857142858	1.0	0.8099999999999999	0.24776781245530843	0.0	0.10583862271853747	0.0	0.17387735140993302
4,12,13	0.0	0.0	0.0	0.0	2.5532450692611297	0.0	0.0	0.0	0.0	0.0	0.0	0.0	-0.45436977632942793	1.6242645214999758	-2.0772436618010794	0.8333333333333333	0.25	0.7714285714285714	0.7083333333333333	0.7428571428571428	0.22360679774997896	0.19364916731037085	0.14990548798759235	0.20833333333333334	0.17781745588959377
7,11,12	0.0	0.0	0.0	0.0	0.0	0.0	0.0	3.6666618681632044	0.0	0.0	0.0	0.0	2.649283364838997	0.0	-2.4906762592681586	0.9666666666666666	0.0	0.9833333333333334	1.0	0.9800000000000001	0.1	0.0	0.04999999999999999	0.0	0.05999999999999999
8,10,12	0.0	0.0	0.0	0.0	0.0	0.0	0.0	0.0	0.8413611758226892	0.0	4.967335513909601	0.0	0.9252491977302395	0.0	-4.267881999438658	1.0	0.0	1.0	1.0	1.0	0.0	0.0	0.0	0.0	0.0
5,10,12	0.0	0.0	0.0	0.0	0.0	0.17635697621849825	0.0	0.0	0.0	0.0	4.953055781302358	0.0	0.6943343535979658	0.0	-3.7852794274511252	1.0	0.05	0.9690476190476189	0.9416666666666667	0.9657142857142856	0.0	0.10000000000000002	0.06213327786047566	0.11814539065631523	0.06975174637562116
9,10,13	0.0	0.0	0.0	0.0	0.0	0.0	0.0	0.0	0.0	0.6467366755721052	4.055697899348866	0.0	0.0	1.0455854436728251	-4.1799157221711	0.75	0.0	0.9023809523809525	1.0	0.8400000000000001	0.21408720964441882	0.0	0.08000141722100686	0.0	0.14047538337136983
6,8,13	0.0	0.0	0.0	0.0	0.0	0.0	2.7699377740068667	0.0	-1.3830030279440524	0.0	0.0	0.0	0.0	0.6232688780990787	-1.2412868371436736	0.7166666666666666	0.0	0.8857142857142858	1.0	0.8099999999999999	0.24776781245530843	0.0	0.10583862271853747	0.0	0.17387735140993302
6,11,12	0.0	0.0	0.0	0.0	0.0	0.0	2.980145699324482	0.0	0.0	0.0	0.0	0.0	1.4359251696928628	0.0	-1.861707479722785	0.7166666666666666	0.125	0.8071428571428572	0.8333333333333333	0.738095238095238	0.24776781245530843	0.16770509831248423	0.14733074766099982	0.23273733406281572	0.20149104063402498
7,8,13	0.0	0.0	0.0	0.0	0.0	0.0	0.0	3.2472051688283665	-0.8722386780413244	0.0	0.0	0.0	0.0	0.618855690322508	-1.889675464032171	0.7166666666666666	0.0	0.8857142857142858	1.0	0.8099999999999999	0.24776781245530843	0.0	0.10583862271853747	0.0	0.17387735140993302
8,10,13	0.0	0.0	0.0	0.0	0.0	0.0	0.0	0.0	-0.2587902905133884	0.0	3.9222046765253706	0.0	0.0	1.3244184462873374	-3.723615028978999	0.8333333333333333	0.0	0.9357142857142857	1.0	0.8933333333333333	0.21081851067789195	0.0	0.07900314296684313	0.0	0.13727506854649335
6,7,10	0.0	0.0	0.0	0.0	0.0	0.0	1.0111650721763368	0.9415013423754776	0.0	0.0	2.527118311595059	0.0	0.0	0.0	-3.001564818885567	0.7166666666666666	0.0	0.8857142857142858	1.0	0.8099999999999999	0.24776781245530843	0.0	0.10583862271853747	0.0	0.17387735140993302
5,7,8	0.0	0.0	0.0	0.0	0.0	-0.9106184604771947	0.0	2.749995828352405	0.05529852826674343	0.0	0.0	0.0	0.0	0.0	-1.2582538853717924	0.7166666666666666	0.0	0.8857142857142858	1.0	0.8099999999999999	0.24776781245530843	0.0	0.10583862271853747	0.0	0.17387735140993302
7,11,13	0.0	0.0	0.0	0.0	0.0	0.0	0.0	3.1433753480494206	0.0	0.0	0.0	0.0	0.0	0.5365070642010562	-2.286145771705699	0.7166666666666666	0.0	0.8857142857142858	1.0	0.8099999999999999	0.24776781245530843	0.0	0.10583862271853747	0.0	0.17387735140993302
5,10,13	0.0	0.0	0.0	0.0	0.0	-0.7842396797613052	0.0	0.0	0.0	0.0	3.293422604111639	0.0	0.0	1.510922220822994	-3.147388469580718	0.7166666666666666	0.0	0.8857142857142858	1.0	0.8099999999999999	0.24776781245530843	0.0	0.10583862271853747	0.0	0.17387735140993302
9,11,12	0.0	0.0	0.0	0.0	0.0	0.0	0.0	0.0	0.0	2.803904481319317	0.0	0.0	0.41585910246712937	0.0	-1.8000558845151393	0.6	0.25	0.6857142857142857	0.6183333333333334	nan	0.3590109871423003	0.19364916731037085	0.1556931688025887	0.35185618905708876	nan
5,8,10	0.0	0.0	0.0	0.0	0.0	-0.5519843998311131	0.0	0.0	1.1189203059407007	0.0	4.37086222377877	0.0	0.0	0.0	-3.557980912652829	0.7166666666666666	0.0	0.8857142857142858	1.0	0.8099999999999999	0.24776781245530843	0.0	0.10583862271853747	0.0	0.17387735140993302
6,9,10	0.0	0.0	0.0	0.0	0.0	0.0	1.7381128349943502	0.0	0.0	-0.17004073999643027	2.8148271455558573	0.0	0.0	0.0	-2.9874512258265575	0.7166666666666666	0.0	0.8857142857142858	1.0	0.8099999999999999	0.24776781245530843	0.0	0.10583862271853747	0.0	0.17387735140993302
6,11,13	0.0	0.0	0.0	0.0	0.0	0.0	2.3312678338435022	0.0	0.0	0.0	0.0	0.0	0.0	0.20687347230608322	-1.369734970487513	0.7166666666666666	0.1	0.8214285714285715	0.8583333333333332	0.7523809523809524	0.24776781245530843	0.16583123951777	0.15802422386709636	0.2358495283014151	0.21409515336381987
8,11,12	0.0	0.0	0.0	0.0	0.0	0.0	0.0	0.0	1.4827551772127314	0.0	0.0	0.0	0.7104547182778179	0.0	-1.5061795016859207	0.05	0.2	0.47619047619047616	0.03333333333333333	nan	0.15000000000000002	0.2179449471770337	0.09404008408634047	0.09999999999999999	nan
6,7,11	0.0	0.0	0.0	0.0	0.0	0.0	1.5428850298896133	1.4295512588355936	0.0	0.0	0.0	0.0	0.0	0.0	-1.6687473136281163	0.7166666666666666	0.0	0.8857142857142858	1.0	0.8099999999999999	0.24776781245530843	0.0	0.10583862271853747	0.0	0.17387735140993302
7,12,13	0.0	0.0	0.0	0.0	0.0	0.0	0.0	3.276692909683928	0.0	0.0	0.0	0.0	2.9838592638695274	0.6524869656107857	-2.789143225329319	0.9666666666666666	0.05	0.9523809523809523	0.9416666666666667	0.9457142857142857	0.1	0.10000000000000002	0.07299861769883757	0.11814539065631523	0.084225159845621
7,9,10	0.0	0.0	0.0	0.0	0.0	0.0	0.0	1.6840826158688504	0.0	0.2889810914793952	2.803721270914983	0.0	0.0	0.0	-3.2245537229620647	0.7166666666666666	0.0	0.8857142857142858	1.0	0.8099999999999999	0.24776781245530843	0.0	0.10583862271853747	0.0	0.17387735140993302
5,11,12	0.0	0.0	0.0	0.0	0.0	-0.010197399267744212	0.0	0.0	0.0	0.0	0.0	0.0	-0.020704786442945267	0.0	-0.9852622144038108	0.0	0.0	0.5857142857142856	0.0	0.0	0.0	0.0	0.05947617141331806	0.0	0.0
5,7,9	0.0	0.0	0.0	0.0	0.0	-1.0768545696202492	0.0	2.4372020011814084	0.0	0.5479753599133501	0.0	0.0	0.0	0.0	-1.3185774492949742	0.7166666666666666	0.0	0.8857142857142858	1.0	0.8099999999999999	0.24776781245530843	0.0	0.10583862271853747	0.0	0.17387735140993302
6,7,12	0.0	0.0	0.0	0.0	0.0	0.0	1.3637804470453152	2.3242640744407153	0.0	0.0	0.0	0.0	2.336537584337122	0.0	-2.365575675743988	0.85	0.025	0.9214285714285714	0.975	0.8823809523809525	0.2409472049133493	0.07500000000000001	0.1086142355043528	0.075	0.1682785995747229
9,11,13	0.0	0.0	0.0	0.0	0.0	0.0	0.0	0.0	0.0	1.5835279214706692	0.0	0.0	0.0	1.6346434872271627	-1.8504638786923788	0.8333333333333333	0.25	0.780952380952381	0.71	0.753095238095238	0.21081851067789195	0.19364916731037085	0.1672777911452409	0.2356079606276306	0.20119836558214177
6,12,13	0.0	0.0	0.0	0.0	0.0	0.0	2.415940031498331	0.0	0.0	0.0	0.0	0.0	2.4699908369423937	1.2223768191811846	-2.4911842402444115	1.0	0.25	0.8452380952380952	0.7516666666666667	0.8454761904761906	0.0	0.19364916731037085	0.1238324154661509	0.18490988796347985	0.12131390477626008
7,9,11	0.0	0.0	0.0	0.0	0.0	0.0	0.0	2.9295148319136315	0.0	0.4124443830539647	0.0	0.0	0.0	0.0	-1.9119069082528948	0.7166666666666666	0.025	0.8714285714285716	0.975	0.7957142857142856	0.24776781245530843	0.07500000000000001	0.09885971186679379	0.075	0.16322223071211672
8,9,10	0.0	0.0	0.0	0.0	0.0	0.0	0.0	0.0	-0.2098158069457024	1.1784621763582244	4.259042797869266	0.0	0.0	0.0	-3.7375512392738335	0.8	0.0	0.9190476190476191	1.0	0.8733333333333333	0.20816659994661327	0.0	0.0812320100439618	0.0	0.13482498944104454
8,11,13	0.0	0.0	0.0	0.0	0.0	0.0	0.0	0.0	0.3622072328075225	0.0	0.0	0.0	0.0	2.480858291229713	-1.600708578548695	1.0	0.5416666666666667	0.6857142857142857	0.585	0.7309523809523809	0.0	0.23935677693908453	0.13119026013291343	0.1205197079319395	0.09511897312113415
5,7,10	0.0	0.0	0.0	0.0	0.0	-0.038861592530082076	0.0	1.8473881137759407	0.0	0.0	2.641176778390985	0.0	0.0	0.0	-2.981552780663213	0.7166666666666666	0.0	0.8857142857142858	1.0	0.8099999999999999	0.24776781245530843	0.0	0.10583862271853747	0.0	0.17387735140993302
5,11,13	0.0	0.0	0.0	0.0	0.0	-2.211686800953266	0.0	0.0	0.0	0.0	0.0	0.0	0.0	3.0400964319874433	-1.5005691102500773	0.7166666666666666	0.0	0.8857142857142858	1.0	0.8099999999999999	0.24776781245530843	0.0	0.10583862271853747	0.0	0.17387735140993302
6,9,11	0.0	0.0	0.0	0.0	0.0	0.0	2.705047929008674	0.0	0.0	-0.4172787347368236	0.0	0.0	0.0	0.0	-1.207901698296032	0.7166666666666666	0.0	0.8857142857142858	1.0	0.8099999999999999	0.24776781245530843	0.0	0.10583862271853747	0.0	0.17387735140993302
5,6,7	0.0	0.0	0.0	0.0	0.0	-0.9615336627873766	1.3910690397632774	1.3975800055871932	0.0	0.0	0.0	0.0	0.0	0.0	-1.2377837663165345	0.7166666666666666	0.0	0.8857142857142858	1.0	0.8099999999999999	0.24776781245530843	0.0	0.10583862271853747	0.0	0.17387735140993302
5,8,11	0.0	0.0	0.0	0.0	0.0	-1.7153976839905127	0.0	0.0	2.245814273460117	0.0	0.0	0.0	0.0	0.0	-0.9985063236013485	0.36666666666666664	0.1	0.6714285714285715	0.525	nan	0.339934634239519	0.16583123951777	0.17129624522480905	0.45345892868042637	nan
8,9,11	0.0	0.0	0.0	0.0	0.0	0.0	0.0	0.0	0.7620175777015606	2.311137277842026	0.0	0.0	0.0	0.0	-1.7161871123284946	0.7166666666666667	0.25	0.7333333333333332	0.6933333333333334	0.6830952380952381	0.19790570145063194	0.19364916731037085	0.1341809790819559	0.2438350991050213	0.1732458243256053
7,8,9	0.0	0.0	0.0	0.0	0.0	0.0	0.0	3.0135659133966213	-1.190797740693298	0.8336260684354148	0.0	0.0	0.0	0.0	-1.5738544287665457	0.7166666666666666	0.0	0.8857142857142858	1.0	0.8099999999999999	0.24776781245530843	0.0	0.10583862271853747	0.0	0.17387735140993302
7,9,12	0.0	0.0	0.0	0.0	0.0	0.0	0.0	3.6733628008822827	0.0	-0.04911774718322106	0.0	0.0	2.67223205969241	0.0	-2.4787733383231747	0.9666666666666666	0.0	0.9833333333333334	1.0	0.9800000000000001	0.1	0.0	0.04999999999999999	0.0	0.05999999999999999
6,7,13	0.0	0.0	0.0	0.0	0.0	0.0	1.5591214664572037	1.4398599711560474	0.0	0.0	0.0	0.0	0.0	-0.11590311798384864	-1.5842038575704525	0.7166666666666666	0.0	0.8857142857142858	1.0	0.8099999999999999	0.24776781245530843	0.0	0.10583862271853747	0.0	0.17387735140993302
8,12,13	0.0	0.0	0.0	0.0	0.0	0.0	0.0	0.0	0.4432958211486794	0.0	0.0	0.0	1.0405266762128942	2.8958793469211725	-2.1452659252455284	1.0	0.5416666666666667	0.6857142857142857	0.585	0.7309523809523809	0.0	0.23935677693908453	0.13119026013291343	0.1205197079319395	0.09511897312113415
5,7,11	0.0	0.0	0.0	0.0	0.0	-0.871879472838569	0.0	2.761504017618132	0.0	0.0	0.0	0.0	0.0	0.0	-1.251877861560684	0.7166666666666666	0.0	0.8857142857142858	1.0	0.8099999999999999	0.24776781245530843	0.0	0.10583862271853747	0.0	0.17387735140993302
11,12,13	0.0	0.0	0.0	0.0	0.0	0.0	0.0	0.0	0.0	0.0	0.0	0.0	1.083405223268391	3.1326130164493136	-2.138215752643747	1.0	0.5416666666666667	0.6857142857142857	0.585	0.7309523809523809	0.0	0.23935677693908453	0.13119026013291343	0.1205197079319395	0.09511897312113415
9,12,13	0.0	0.0	0.0	0.0	0.0	0.0	0.0	0.0	0.0	1.751932370585028	0.0	0.0	1.4389466354634752	2.0168475778358412	-2.5805594357207378	1.0	0.25	0.8452380952380952	0.7516666666666667	0.8454761904761906	0.0	0.19364916731037085	0.1238324154661509	0.18490988796347985	0.12131390477626008
6,9,12	0.0	0.0	0.0	0.0	0.0	0.0	3.405353899930759	0.0	0.0	-0.7368143485322028	0.0	0.0	1.4673160453310343	0.0	-1.6887199366644428	0.7166666666666666	0.0	0.8857142857142858	1.0	0.8099999999999999	0.24776781245530843	0.0	0.10583862271853747	0.0	0.17387735140993302
7,9,13	0.0	0.0	0.0	0.0	0.0	0.0	0.0	2.8318862258141406	0.0	0.3594295852546504	0.0	0.0	0.0	0.44996297180021727	-2.199974667964849	0.7166666666666666	0.025	0.8714285714285716	0.975	0.7957142857142856	0.24776781245530843	0.07500000000000001	0.09885971186679379	0.075	0.16322223071211672
7,8,10	0.0	0.0	0.0	0.0	0.0	0.0	0.0	1.8269839073743703	0.008843686693108357	0.0	2.722387872859444	0.0	0.0	0.0	-3.052844773619566	0.7166666666666666	0.0	0.8857142857142858	1.0	0.8099999999999999	0.24776781245530843	0.0	0.10583862271853747	0.0	0.17387735140993302
5,6,8	0.0	0.0	0.0	0.0	0.0	-0.5825273238747132	2.814008313040286	0.0	-0.5872917882082335	0.0	0.0	0.0	0.0	0.0	-1.096680465487128	0.7166666666666666	0.0	0.8857142857142858	1.0	0.8099999999999999	0.24776781245530843	0.0	0.10583862271853747	0.0	0.17387735140993302
9,10,11	0.0	0.0	0.0	0.0	0.0	0.0	0.0	0.0	0.0	1.0849378268162595	4.36759668754089	0.0	0.0	0.0	-3.8842518855519694	0.8	0.0	0.9190476190476191	1.0	0.8733333333333333	0.20816659994661327	0.0	0.0812320100439618	0.0	0.13482498944104454
5,8,12	0.0	0.0	0.0	0.0	0.0	-1.6581082598749728	0.0	0.0	2.3486794028107143	0.0	0.0	0.0	0.33161881832462586	0.0	-1.1620241057350742	0.2333333333333333	0.1	0.6166666666666668	0.55	nan	0.2	0.16583123951777	0.139015815019	0.4716990566028302	nan
8,9,12	0.0	0.0	0.0	0.0	0.0	0.0	0.0	0.0	0.8675997289831358	2.365798165359071	0.0	0.0	0.5706457549264364	0.0	-1.9404859212906238	0.8166666666666667	0.25	0.7642857142857142	0.735	0.7288095238095238	0.2409472049133493	0.19364916731037085	0.1163747562842851	0.21232182072400274	0.15145720753495262
10,11,12	0.0	0.0	0.0	0.0	0.0	0.0	0.0	0.0	0.0	0.0	4.897000500264733	0.0	0.7674948629245777	0.0	-3.681113279562845	0.9666666666666666	0.075	0.9357142857142857	0.9083333333333332	0.9257142857142858	0.1	0.11456439237389598	0.07900314296684313	0.14166666666666666	0.09231711097944863
6,8,9	0.0	0.0	0.0	0.0	0.0	0.0	2.9627131311053883	0.0	-0.6653642089953016	-0.2632495819401948	0.0	0.0	0.0	0.0	-1.1181507127720323	0.7166666666666666	0.0	0.8857142857142858	1.0	0.8099999999999999	0.24776781245530843	0.0	0.10583862271853747	0.0	0.17387735140993302
6,9,13	0.0	0.0	0.0	0.0	0.0	0.0	2.5145317127028393	0.0	0.0	-0.2726454629973658	0.0	0.0	0.0	0.14624013246370132	-1.2786650782784346	0.7166666666666666	0.075	0.8380952380952381	0.9083333333333332	0.7690476190476191	0.24776781245530843	0.16007810593582122	0.1493751156319821	0.20564937798755112	0.19981000045337854
7,10,11	0.0	0.0	0.0	0.0	0.0	0.0	0.0	1.8385506394100477	0.0	0.0	2.713256132146282	0.0	0.0	0.0	-3.04542563101835	0.7166666666666666	0.0	0.8857142857142858	1.0	0.8099999999999999	0.24776781245530843	0.0	0.10583862271853747	0.0	0.17387735140993302
5,6,9	0.0	0.0	0.0	0.0	0.0	-0.778150183561927	2.6353115343873923	0.0	0.0	-0.1397861553417014	0.0	0.0	0.0	0.0	-1.129981505104649	0.7166666666666666	0.0	0.8857142857142858	1.0	0.8099999999999999	0.24776781245530843	0.0	0.10583862271853747	0.0	0.17387735140993302
5,8,13	0.0	0.0	0.0	0.0	0.0	-2.3246381712118693	0.0	0.0	0.36259850743754307	0.0	0.0	0.0	0.0	2.845374201190787	-1.519308323535191	0.7166666666666666	0.0	0.8857142857142858	1.0	0.8099999999999999	0.24776781245530843	0.0	0.10583862271853747	0.0	0.17387735140993302
10,11,13	0.0	0.0	0.0	0.0	0.0	0.0	0.0	0.0	0.0	0.0	4.030732164516488	0.0	0.0	1.1908062914059478	-3.874520651174489	0.8333333333333333	0.0	0.9357142857142857	1.0	0.8933333333333333	0.21081851067789195	0.0	0.07900314296684313	0.0	0.13727506854649335
5,9,10	0.0	0.0	0.0	0.0	0.0	-0.45917804366039655	0.0	0.0	0.0	1.2656869415919973	3.921978352295895	0.0	0.0	0.0	-3.4566425405704826	0.7166666666666666	0.0	0.8857142857142858	1.0	0.8099999999999999	0.24776781245530843	0.0	0.10583862271853747	0.0	0.17387735140993302
10,12,13	0.0	0.0	0.0	0.0	0.0	0.0	0.0	0.0	0.0	0.0	4.321617559384884	0.0	1.361046014047126	1.6851986712215115	-4.694001940751406	1.0	0.0	1.0	1.0	1.0	0.0	0.0	0.0	0.0	0.0
